playerId,season,name,team,position,games_played,icetime,p/60,p/60_rank,p/60_rank_norm,goals,goals_rank,goals_rank_norm,assists,assists_rank,assists_rank_norm,xg,xg_rank,xg_rank_norm,corsi_for_pct,corsi_rank,corsi_rank_norm,high_danger_shots,hds_rank,hds_rank_norm
8478421,2024,A.J. Greer,FLA,L,81,43752.0,1.2342292923752056,307,27.830188679245282,4.0,348,18.160377358490564,10.0,130,69.5754716981132,10.16,231,45.75471698113208,0.54,48,88.91509433962264,13.0,155,63.67924528301887
8482691,2024,Aatu Raty,VAN,C,33,20413.0,1.763582031058639,125,70.75471698113208,7.0,264,37.97169811320755,1.0,403,5.188679245283026,3.56,402,5.424528301886795,0.51,140,67.21698113207547,5.0,349,17.924528301886795
8481726,2024,Adam Edstrom,NYR,C,51,28048.0,1.1551625784369652,325,23.58490566037736,5.0,323,24.05660377358491,3.0,341,19.811320754716988,7.09,318,25.235849056603783,0.45,359,15.566037735849065,11.0,205,51.88679245283019
8484166,2024,Adam Fantilli,CBJ,C,82,73658.0,2.150479241901762,53,87.73584905660377,25.0,5,99.05660377358491,12.0,83,80.66037735849056,11.23,194,54.4811320754717,0.47,307,27.830188679245282,4.0,376,11.55660377358491
8478874,2024,Adam Gaudette,OTT,R,81,43114.0,1.9204898640812729,92,78.5377358490566,16.0,57,86.79245283018868,4.0,306,28.066037735849065,8.34,285,33.01886792452831,0.51,141,66.98113207547169,11.0,206,51.65094339622642
8474641,2024,Adam Henrique,EDM,C,81,57486.0,1.0646070347562884,354,16.745283018867923,9.0,210,50.70754716981132,4.0,307,27.830188679245282,10.91,205,51.88679245283019,0.46,336,20.990566037735846,12.0,180,57.78301886792453
8483609,2024,Adam Klapka,CGY,R,31,17297.0,2.081285772099208,64,85.14150943396227,6.0,299,29.716981132075475,4.0,308,27.594339622641513,4.84,377,11.320754716981142,0.48,264,37.97169811320755,4.0,377,11.320754716981142
8476392,2024,Adam Lowry,WPG,C,73,56523.0,1.4648903985988004,232,45.5188679245283,13.0,111,74.05660377358491,2.0,373,12.264150943396231,14.57,77,82.0754716981132,0.52,99,76.88679245283019,24.0,8,98.34905660377359
8477960,2024,Adrian Kempe,LAK,R,81,68299.0,2.2137952239417853,46,89.38679245283019,21.0,22,95.04716981132076,15.0,36,91.74528301886792,16.92,35,91.98113207547169,0.51,142,66.74528301886792,17.0,68,84.19811320754717
8477493,2024,Aleksander Barkov,FLA,C,67,57380.0,2.0704078075984667,66,84.66981132075472,7.0,265,37.735849056603776,17.0,22,95.04716981132076,11.5,181,57.54716981132076,0.6,2,99.76415094339623,13.0,156,63.443396226415096
8479337,2024,Alex DeBrincat,DET,R,82,69896.0,1.7511731715691885,130,69.5754716981132,22.0,18,95.99056603773585,7.0,210,50.70754716981132,16.22,46,89.38679245283019,0.5,178,58.25471698113208,15.0,114,73.34905660377359
8480113,2024,Alex Iafallo,WPG,L,82,49119.0,1.3192450986380018,279,34.43396226415095,8.0,229,46.22641509433962,7.0,211,50.47169811320755,10.15,232,45.5188679245283,0.52,100,76.65094339622641,9.0,268,37.028301886792455
8473986,2024,Alex Killorn,ANA,L,82,63013.0,1.3711456366146668,262,38.443396226415096,12.0,131,69.33962264150944,8.0,182,57.31132075471698,9.68,242,43.16037735849057,0.51,143,66.50943396226415,9.0,269,36.79245283018868
8482155,2024,Alex Laferriere,LAK,R,77,65860.0,1.96781050713635,80,81.36792452830188,16.0,58,86.55660377358491,14.0,44,89.85849056603773,17.82,20,95.51886792452831,0.55,36,91.74528301886792,17.0,69,83.9622641509434
8481618,2024,Alex Newhook,MTL,C,82,64129.0,1.1227369832681002,337,20.754716981132077,12.0,132,69.10377358490567,5.0,274,35.61320754716981,14.26,84,80.4245283018868,0.46,337,20.754716981132077,14.0,138,67.68867924528303
8471214,2024,Alex Ovechkin,WSH,L,65,50344.0,2.7173049419990467,6,98.82075471698113,21.0,23,94.81132075471699,12.0,84,80.4245283018868,12.95,123,71.22641509433963,0.49,223,47.64150943396226,11.0,207,51.41509433962264
8477949,2024,Alex Tuch,BUF,R,82,66689.0,2.159276642324821,51,88.20754716981132,22.0,19,95.75471698113208,8.0,183,57.07547169811321,14.73,72,83.25471698113208,0.5,179,58.0188679245283,18.0,50,88.44339622641509
8481532,2024,Alex Turcotte,LAK,C,68,44260.0,1.8707636692272933,105,75.47169811320755,8.0,230,45.99056603773585,10.0,131,69.33962264150944,11.0,201,52.83018867924528,0.53,72,83.25471698113208,15.0,115,73.11320754716981
8482125,2024,Alexander Holtz,VGK,R,53,34864.0,1.0325837540156035,362,14.858490566037744,3.0,372,12.5,3.0,342,19.575471698113205,7.06,319,25.0,0.48,265,37.735849056603776,10.0,232,45.5188679245283
8477021,2024,Alexander Kerfoot,UTA,C,81,58295.0,1.4203619521399777,246,42.216981132075475,9.0,211,50.47169811320755,10.0,132,69.10377358490567,13.0,119,72.16981132075472,0.54,49,88.67924528301887,21.0,20,95.51886792452831
8477505,2024,Alexander Wennberg,SJS,C,77,62702.0,1.2631176039041818,296,30.424528301886795,5.0,324,23.820754716981142,10.0,133,68.86792452830188,4.31,389,8.490566037735846,0.47,308,27.594339622641513,1.0,419,1.415094339622641
8480074,2024,Alexandre Texier,STL,C,31,21212.0,1.5274372996417123,212,50.235849056603776,5.0,325,23.58490566037736,3.0,343,19.339622641509436,3.4,411,3.3018867924528337,0.46,338,20.51886792452831,2.0,408,4.009433962264154
8480281,2024,Alexey Toropchenko,STL,R,80,53137.0,1.219489244782355,310,27.12264150943396,4.0,349,17.924528301886795,6.0,244,42.68867924528302,9.11,260,38.91509433962264,0.46,339,20.283018867924525,12.0,181,57.54716981132076
8482109,2024,Alexis Lafrenire,NYR,L,82,73338.0,1.9635114129100875,83,80.66037735849056,15.0,75,82.54716981132076,18.0,19,95.75471698113208,14.32,82,80.89622641509433,0.52,101,76.41509433962264,14.0,139,67.45283018867924
8481656,2024,Aliaksei Protas,WSH,C,76,64351.0,2.7971593293033523,4,99.29245283018868,20.0,28,93.63207547169812,19.0,13,97.16981132075472,14.44,79,81.60377358490567,0.53,73,83.01886792452831,10.0,233,45.28301886792453
8475314,2024,Anders Lee,NYI,L,82,68021.0,2.1169932814865997,56,87.02830188679245,21.0,24,94.5754716981132,11.0,109,74.52830188679246,21.35,2,99.76415094339623,0.52,102,76.17924528301887,26.0,4,99.29245283018868
8477444,2024,Andre Burakovsky,SEA,L,79,59091.0,1.6449205462760828,166,61.08490566037736,10.0,192,54.95283018867925,12.0,85,80.18867924528303,8.63,277,34.90566037735849,0.47,309,27.358490566037744,5.0,350,17.688679245283026
8483808,2024,Andrei Kuzmenko,LAK,L,66,49741.0,1.664622745823365,159,62.735849056603776,7.0,266,37.5,7.0,212,50.235849056603776,7.26,314,26.179245283018872,0.52,103,75.9433962264151,8.0,285,33.01886792452831
8480830,2024,Andrei Svechnikov,CAR,R,72,56583.0,1.2724669953873071,290,31.839622641509436,5.0,326,23.34905660377359,11.0,110,74.29245283018868,14.14,87,79.71698113207547,0.57,22,95.04716981132076,16.0,86,79.95283018867924
8477429,2024,Andrew Copp,DET,C,56,43606.0,1.486034032013943,224,47.405660377358494,6.0,300,29.481132075471706,9.0,152,64.38679245283019,7.94,301,29.245283018867923,0.47,310,27.12264150943396,11.0,208,51.17924528301887
8478233,2024,Andrew Mangiapane,WSH,L,81,55766.0,1.2911092780547286,286,32.783018867924525,11.0,156,63.443396226415096,6.0,245,42.45283018867925,11.37,186,56.36792452830189,0.53,74,82.78301886792453,14.0,140,67.21698113207547
8478463,2024,Anthony Beauvillier,WSH,L,81,59651.0,1.3277229216609947,276,35.14150943396227,14.0,89,79.24528301886792,3.0,344,19.103773584905667,17.58,24,94.5754716981132,0.52,104,75.70754716981132,27.0,3,99.52830188679245
8478519,2024,Anthony Cirelli,TBL,C,80,69559.0,1.8631665205077705,106,75.23584905660377,15.0,76,82.31132075471697,9.0,153,64.15094339622641,16.07,49,88.67924528301887,0.55,37,91.50943396226415,21.0,21,95.28301886792453
8477407,2024,Anthony Duclair,NYI,L,44,34106.0,0.844426200668504,392,7.783018867924525,4.0,350,17.688679245283026,4.0,309,27.358490566037744,5.16,370,12.971698113207552,0.49,224,47.405660377358494,4.0,378,11.084905660377359
8482113,2024,Anton Lundell,FLA,C,79,60809.0,2.0128599384959465,75,82.54716981132076,11.0,157,63.20754716981132,17.0,23,94.81132075471699,11.82,171,59.905660377358494,0.54,50,88.44339622641509,11.0,209,50.943396226415096
8471685,2024,Anze Kopitar,LAK,C,81,68717.0,1.8859961872607942,101,76.41509433962264,16.0,59,86.32075471698113,13.0,56,87.02830188679245,10.11,233,45.28301886792453,0.51,144,66.27358490566039,16.0,87,79.71698113207547
8478550,2024,Artemi Panarin,NYR,L,80,74997.0,2.640105604224169,9,98.11320754716981,25.0,6,98.82075471698113,15.0,37,91.50943396226415,12.75,133,68.86792452830188,0.53,75,82.54716981132076,5.0,351,17.452830188679243
8477476,2024,Artturi Lehkonen,COL,L,69,66455.0,1.733503874802498,134,68.63207547169812,21.0,25,94.33962264150944,7.0,213,50.0,18.46,12,97.40566037735849,0.57,23,94.81132075471699,25.0,5,99.05660377358491
8479318,2024,Auston Matthews,TOR,C,67,58539.0,2.3369036027263874,27,93.86792452830188,15.0,77,82.0754716981132,14.0,45,89.62264150943396,19.43,8,98.34905660377359,0.52,105,75.47169811320755,21.0,22,95.04716981132076
8476624,2024,Barclay Goodrow,SJS,C,77,51473.0,0.4196374798438016,424,0.23584905660378297,3.0,373,12.264150943396231,2.0,374,12.028301886792462,6.91,325,23.58490566037736,0.43,397,6.603773584905667,8.0,286,32.783018867924525
8480849,2024,Barrett Hayton,UTA,C,82,62734.0,1.4920138999585553,222,47.87735849056604,11.0,158,62.97169811320755,7.0,214,49.76415094339623,20.52,4,99.29245283018868,0.58,14,96.93396226415095,34.0,1,100.0
8479359,2024,Beck Malenstyn,BUF,L,76,40932.0,0.8795074758135444,388,8.726415094339629,4.0,351,17.452830188679243,5.0,275,35.37735849056604,6.69,331,22.169811320754718,0.47,311,26.886792452830193,7.0,304,28.537735849056602
8476399,2024,Blake Coleman,CGY,L,82,67926.0,1.3779701439802137,256,39.85849056603774,7.0,267,37.26415094339623,12.0,86,79.95283018867924,17.98,16,96.4622641509434,0.54,51,88.20754716981132,21.0,23,94.81132075471699
8481481,2024,Blake Lizotte,PIT,C,59,39456.0,1.4598540145985401,234,45.04716981132076,8.0,231,45.75471698113208,5.0,276,35.14150943396227,5.47,361,15.094339622641513,0.47,312,26.650943396226424,8.0,287,32.54716981132076
8477500,2024,Bo Horvat,NYI,C,81,73553.0,1.9088276480904927,96,77.59433962264151,16.0,60,86.08490566037736,16.0,29,93.39622641509433,16.24,43,90.09433962264151,0.51,145,66.0377358490566,12.0,182,57.31132075471698
8481553,2024,Bobby Brink,PHI,R,79,58904.0,2.139073747113948,54,87.5,9.0,212,50.235849056603776,13.0,57,86.79245283018868,10.38,220,48.34905660377359,0.48,266,37.5,12.0,183,57.07547169811321
8482259,2024,Bobby McMann,TOR,C,74,57775.0,1.6823885763738642,153,64.15094339622641,16.0,61,85.84905660377359,7.0,215,49.528301886792455,11.75,175,58.9622641509434,0.48,267,37.26415094339623,6.0,328,22.87735849056604
8473419,2024,Brad Marchand,FLA,L,71,55695.0,1.6159439806086722,179,58.0188679245283,12.0,133,68.86792452830188,9.0,154,63.91509433962264,12.33,151,64.62264150943396,0.5,180,57.78301886792453,16.0,88,79.48113207547169
8480801,2024,Brady Tkachuk,OTT,L,72,60093.0,1.4377714542459188,241,43.39622641509434,11.0,159,62.735849056603776,6.0,246,42.216981132075475,17.85,19,95.75471698113208,0.54,52,87.97169811320755,16.0,89,79.24528301886792
8479520,2024,Brandon Duhaime,WSH,R,82,53591.0,1.2763337127502752,288,32.31132075471699,8.0,232,45.5188679245283,6.0,247,41.9811320754717,10.37,221,48.113207547169814,0.49,225,47.16981132075472,12.0,184,56.839622641509436
8479542,2024,Brandon Hagel,TBL,L,82,75410.0,2.673385492640233,8,98.34905660377359,23.0,12,97.40566037735849,20.0,9,98.11320754716981,20.68,3,99.52830188679245,0.53,76,82.31132075471697,23.0,13,97.16981132075472
8476438,2024,Brandon Saad,VGK,L,72,56842.0,1.6466697160550297,165,61.320754716981135,13.0,112,73.82075471698113,6.0,248,41.74528301886793,15.15,65,84.90566037735849,0.51,146,65.80188679245283,21.0,24,94.5754716981132
8479293,2024,Brandon Tanev,WPG,L,79,51836.0,1.2500964580600356,300,29.481132075471706,8.0,233,45.28301886792453,6.0,249,41.509433962264154,10.59,212,50.235849056603776,0.45,360,15.330188679245282,10.0,234,45.04716981132076
8478010,2024,Brayden Point,TBL,C,77,70140.0,2.2583404619332765,38,91.27358490566039,21.0,26,94.10377358490567,13.0,58,86.55660377358491,14.34,81,81.13207547169812,0.49,226,46.93396226415094,12.0,185,56.60377358490566
8475170,2024,Brayden Schenn,STL,C,82,69871.0,1.6487527014068784,163,61.79245283018868,9.0,213,50.0,13.0,59,86.32075471698113,11.85,169,60.37735849056604,0.48,268,37.028301886792455,15.0,116,72.87735849056604
8475848,2024,Brendan Gallagher,MTL,R,82,59550.0,1.6322418136020151,173,59.43396226415094,12.0,134,68.63207547169812,9.0,155,63.67924528301887,16.12,47,89.15094339622641,0.48,269,36.79245283018868,21.0,25,94.33962264150944
8482132,2024,Brett Berard,NYR,L,35,22208.0,1.6210374639769451,177,58.49056603773585,6.0,301,29.245283018867923,1.0,404,4.952830188679243,5.06,373,12.264150943396231,0.46,340,20.047169811320757,5.0,352,17.216981132075475
8479353,2024,Brett Howden,VGK,C,80,64003.0,1.574926175335531,193,54.716981132075475,16.0,62,85.61320754716981,7.0,216,49.29245283018868,14.9,68,84.19811320754717,0.5,181,57.54716981132076,20.0,31,92.9245283018868
8481517,2024,Brett Leason,ANA,R,62,39062.0,1.3824176949464955,254,40.33018867924528,4.0,352,17.216981132075475,4.0,310,27.12264150943396,5.43,362,14.858490566037744,0.41,419,1.415094339622641,4.0,379,10.84905660377359
8478444,2024,Brock Boeser,VAN,R,75,63857.0,1.4657750912194436,231,45.75471698113208,15.0,78,81.83962264150944,6.0,250,41.27358490566038,10.23,228,46.4622641509434,0.48,270,36.55660377358491,13.0,157,63.20754716981132
8475754,2024,Brock Nelson,COL,C,80,70495.0,2.0426980636924603,70,83.72641509433961,18.0,42,90.33018867924528,13.0,60,86.08490566037736,16.06,50,88.44339622641509,0.49,227,46.69811320754717,20.0,32,92.68867924528303
8475810,2024,Bryan Rust,PIT,R,71,64013.0,2.193304485026479,48,88.91509433962264,20.0,29,93.39622641509433,12.0,87,79.71698113207547,16.95,33,92.45283018867924,0.49,228,46.4622641509434,22.0,15,96.69811320754717
8474715,2024,Cam Atkinson,TBL,R,39,19274.0,1.4942409463525994,221,48.113207547169814,3.0,374,12.028301886792462,5.0,277,34.90566037735849,3.19,414,2.594339622641513,0.44,383,9.905660377358501,1.0,420,1.1792452830188722
8479336,2024,Carl Grundstrom,SJS,R,56,31447.0,1.03030495754762,363,14.622641509433961,3.0,375,11.79245283018868,5.0,278,34.66981132075472,7.49,307,27.830188679245282,0.48,271,36.320754716981135,11.0,210,50.70754716981132
8477409,2024,Carter Verhaeghe,FLA,C,81,70294.0,1.6388311946965601,170,60.14150943396226,14.0,90,79.00943396226415,11.0,111,74.05660377358491,17.82,21,95.28301886792453,0.57,24,94.5754716981132,17.0,70,83.72641509433961
8475231,2024,Casey Cizikas,NYI,C,82,58384.0,0.7399287476020827,404,4.952830188679243,5.0,327,23.113207547169807,5.0,279,34.43396226415095,10.99,202,52.59433962264151,0.5,182,57.31132075471698,11.0,211,50.47169811320755
8479999,2024,Casey Mittelstadt,BOS,C,81,68479.0,1.3142715284977875,280,34.198113207547166,11.0,160,62.5,9.0,156,63.443396226415096,6.39,343,19.339622641509436,0.48,272,36.08490566037736,6.0,329,22.64150943396227
8476905,2024,Chandler Stephenson,SEA,C,78,65247.0,1.5448986160283231,202,52.59433962264151,10.0,193,54.716981132075475,11.0,112,73.82075471698113,4.88,376,11.55660377358491,0.45,361,15.094339622641513,5.0,353,16.981132075471706
8475745,2024,Charlie Coyle,COL,C,83,62991.0,1.3716245177882556,261,38.67924528301887,13.0,113,73.58490566037736,7.0,217,49.05660377358491,9.0,266,37.5,0.48,273,35.84905660377359,10.0,235,44.81132075471698
8475184,2024,Chris Kreider,NYR,L,68,46326.0,1.0102318352545006,369,13.20754716981132,7.0,268,37.028301886792455,3.0,345,18.867924528301884,8.84,271,36.320754716981135,0.47,313,26.41509433962264,9.0,270,36.55660377358491
8477989,2024,Christian Dvorak,MTL,C,82,59977.0,1.5005752205011922,220,48.34905660377359,10.0,194,54.4811320754717,9.0,157,63.20754716981132,12.35,149,65.09433962264151,0.46,341,19.811320754716988,18.0,51,88.20754716981132
8478432,2024,Christian Fischer,CBJ,R,46,28496.0,0.884334643458731,385,9.43396226415095,1.0,409,3.7735849056603854,3.0,346,18.632075471698116,3.72,398,6.367924528301884,0.43,398,6.367924528301884,4.0,380,10.613207547169822
8473512,2024,Claude Giroux,OTT,R,81,61180.0,1.3533834586466167,269,36.79245283018868,7.0,269,36.79245283018868,9.0,158,62.97169811320755,6.77,327,23.113207547169807,0.53,77,82.0754716981132,6.0,330,22.405660377358487
8479343,2024,Clayton Keller,UTA,R,81,72074.0,2.2476898742958626,40,90.80188679245283,14.0,91,78.77358490566039,14.0,46,89.38679245283019,16.71,39,91.0377358490566,0.54,53,87.73584905660377,16.0,90,79.00943396226415
8479996,2024,Cody Glass,NJD,C,65,45118.0,1.356443104747551,267,37.26415094339623,5.0,328,22.87735849056604,10.0,134,68.63207547169812,8.26,289,32.075471698113205,0.55,38,91.27358490566039,8.0,288,32.31132075471699
8481540,2024,Cole Caufield,MTL,R,82,69898.0,2.523677358436579,14,96.93396226415095,26.0,2,99.76415094339623,17.0,24,94.5754716981132,18.81,10,97.87735849056604,0.51,147,65.56603773584905,16.0,91,78.77358490566039
8481043,2024,Cole Koepke,BOS,L,73,45412.0,1.2683872104289615,292,31.367924528301884,9.0,214,49.76415094339623,5.0,280,34.198113207547166,9.52,245,42.45283018867925,0.45,362,14.858490566037744,14.0,141,66.98113207547169
8482149,2024,Cole Perfetti,WPG,C,82,64710.0,1.5577190542420027,199,53.301886792452834,10.0,195,54.24528301886792,11.0,113,73.58490566037736,14.06,92,78.5377358490566,0.53,78,81.83962264150944,18.0,52,87.97169811320755
8481655,2024,Cole Schwindt,VGK,R,42,22539.0,1.1180620258219087,338,20.51886792452831,0.0,422,0.7075471698113205,2.0,375,11.79245283018868,4.23,391,8.018867924528308,0.44,384,9.669811320754718,7.0,305,28.301886792452834
8482705,2024,Cole Sillinger,CBJ,C,66,53585.0,1.410842586544742,247,41.9811320754717,6.0,302,29.009433962264154,9.0,159,62.735849056603776,8.03,298,29.952830188679243,0.45,363,14.622641509433961,7.0,306,28.066037735849065
8482062,2024,Cole Smith,NSH,R,71,47104.0,0.8406929347826088,393,7.547169811320757,4.0,353,16.981132075471706,4.0,311,26.886792452830193,6.55,339,20.283018867924525,0.48,274,35.61320754716981,5.0,354,16.745283018867923
8476278,2024,Colin Blackwell,DAL,C,63,35985.0,1.200500208420175,316,25.70754716981132,3.0,376,11.55660377358491,5.0,281,33.9622641509434,5.71,358,15.801886792452834,0.52,106,75.23584905660377,6.0,331,22.169811320754718
8484911,2024,Collin Graf,SJS,R,33,24438.0,0.8838693837466242,386,9.198113207547166,3.0,377,11.320754716981142,1.0,405,4.716981132075475,3.53,403,5.188679245283026,0.44,385,9.43396226415095,5.0,355,16.509433962264154
8476925,2024,Colton Sissons,NSH,C,72,49811.0,1.0840978900242917,345,18.867924528301884,6.0,303,28.773584905660385,8.0,184,56.839622641509436,8.49,282,33.72641509433963,0.48,275,35.37735849056604,10.0,236,44.57547169811321
8484144,2024,Connor Bedard,CHI,C,82,82425.0,1.5286624203821657,211,50.47169811320755,11.0,161,62.26415094339623,21.0,6,98.82075471698113,13.21,111,74.05660377358491,0.43,399,6.132075471698116,11.0,212,50.235849056603776
8477015,2024,Connor Brown,EDM,R,82,58717.0,1.5940868913602535,188,55.89622641509434,10.0,196,54.009433962264154,7.0,218,48.820754716981135,11.66,176,58.72641509433962,0.49,229,46.22641509433962,15.0,117,72.64150943396227
8480980,2024,Connor Dewar,PIT,C,48,28455.0,1.0121244069583553,368,13.443396226415103,3.0,378,11.084905660377359,0.0,421,0.9433962264151035,6.43,342,19.575471698113205,0.45,364,14.386792452830193,10.0,237,44.339622641509436
8478402,2024,Connor McDavid,EDM,C,67,70524.0,2.6033690658499236,11,97.64150943396227,15.0,79,81.60377358490567,23.0,2,99.76415094339623,17.14,30,93.16037735849056,0.6,3,99.52830188679245,16.0,92,78.5377358490566
8481580,2024,Connor McMichael,WSH,C,82,67833.0,2.335146610057052,28,93.63207547169812,22.0,20,95.51886792452831,8.0,185,56.60377358490566,19.7,7,98.58490566037736,0.5,183,57.07547169811321,25.0,6,98.82075471698113
8482074,2024,Connor Zary,CGY,C,54,43862.0,1.3132096119647987,281,33.9622641509434,10.0,197,53.77358490566038,2.0,376,11.55660377358491,9.66,243,42.924528301886795,0.53,79,81.60377358490567,10.0,238,44.10377358490566
8478856,2024,Conor Garland,VAN,R,81,68051.0,1.2696360082879017,291,31.603773584905667,8.0,234,45.04716981132076,11.0,114,73.34905660377359,10.79,206,51.65094339622642,0.5,184,56.839622641509436,11.0,213,50.0
8483447,2024,Conor Geekie,TBL,C,52,35911.0,1.10272618417755,343,19.339622641509436,7.0,270,36.55660377358491,4.0,312,26.650943396226424,6.38,344,19.103773584905667,0.5,185,56.60377358490566,3.0,394,7.311320754716988
8470621,2024,Corey Perry,EDM,R,81,49845.0,1.3722539873608184,260,38.91509433962264,13.0,114,73.34905660377359,3.0,347,18.396226415094347,11.25,193,54.716981132075475,0.54,54,87.5,13.0,158,62.97169811320755
8475225,2024,Craig Smith,DET,C,59,36906.0,1.5607218338481548,197,53.77358490566038,7.0,271,36.320754716981135,7.0,219,48.58490566037736,6.64,334,21.462264150943398,0.44,386,9.198113207547166,7.0,307,27.830188679245282
8477508,2024,Curtis Lazar,NJD,C,48,27068.0,0.6649918723215605,411,3.3018867924528337,2.0,396,6.839622641509436,2.0,377,11.320754716981142,2.62,417,1.8867924528301927,0.42,410,3.5377358490566024,2.0,409,3.7735849056603854
8483445,2024,Cutter Gauthier,ANA,L,82,60516.0,1.9631171921475312,85,80.18867924528303,15.0,80,81.36792452830188,10.0,135,68.39622641509433,14.14,88,79.48113207547169,0.46,342,19.575471698113205,14.0,142,66.74528301886792
8478057,2024,Dakota Joshua,VAN,C,57,40109.0,0.9873095813907102,372,12.5,5.0,329,22.64150943396227,5.0,282,33.72641509433963,9.47,247,41.9811320754717,0.46,343,19.339622641509436,17.0,71,83.49056603773585
8478466,2024,Daniel Sprong,NJD,R,30,18434.0,0.7811652381469024,397,6.603773584905667,1.0,410,3.5377358490566024,2.0,378,11.084905660377359,2.08,423,0.47169811320755173,0.51,148,65.33018867924528,0.0,424,0.23584905660378297
8478046,2024,Danton Heinen,PIT,L,79,55133.0,1.6324161572923657,172,59.66981132075472,7.0,272,36.08490566037736,9.0,160,62.5,8.53,280,34.198113207547166,0.5,186,56.36792452830189,10.0,239,43.86792452830189
8481019,2024,David Gustafsson,WPG,C,36,18832.0,1.146983857264231,329,22.64150943396227,2.0,397,6.603773584905667,2.0,379,10.84905660377359,3.41,409,3.7735849056603854,0.52,107,75.0,7.0,308,27.594339622641513
8480144,2024,David Kampf,TOR,C,59,35754.0,1.1075683839570398,340,20.047169811320757,4.0,354,16.745283018867923,6.0,251,41.03773584905661,4.4,385,9.43396226415095,0.46,344,19.103773584905667,6.0,332,21.93396226415095
8477956,2024,David Pastrnak,BOS,R,82,77678.0,3.0587811220680243,1,100.0,25.0,7,98.58490566037736,30.0,1,100.0,16.74,38,91.27358490566039,0.51,149,65.09433962264151,17.0,72,83.25471698113208
8474102,2024,David Perron,OTT,L,43,30104.0,1.1958543715120913,318,25.235849056603783,5.0,330,22.405660377358487,3.0,348,18.160377358490564,6.52,340,20.047169811320757,0.51,150,64.85849056603774,7.0,309,27.358490566037744
8482110,2024,Dawson Mercer,NJD,C,82,67468.0,1.2806071026264303,287,32.54716981132076,11.0,162,62.028301886792455,9.0,161,62.26415094339623,13.74,97,77.35849056603774,0.5,187,56.132075471698116,18.0,53,87.73584905660377
8478585,2024,Derek Ryan,EDM,C,36,19238.0,1.1227778355338394,336,20.990566037735846,1.0,411,3.3018867924528337,2.0,380,10.613207547169822,2.28,422,0.7075471698113205,0.51,151,64.62264150943396,1.0,421,0.9433962264151035
8476913,2024,Devin Shore,MIN,C,55,27822.0,0.6469700237222342,412,3.066037735849065,1.0,412,3.066037735849065,2.0,381,10.377358490566039,4.17,392,7.783018867924525,0.41,420,1.1792452830188722,4.0,381,10.377358490566039
8481716,2024,Dmitri Voronkov,CBJ,L,73,62527.0,1.8999792089817198,97,77.35849056603774,14.0,92,78.5377358490566,11.0,115,73.11320754716981,15.78,55,87.26415094339623,0.51,152,64.38679245283019,21.0,26,94.10377358490567
8480208,2024,Drake Batherson,OTT,R,82,67747.0,1.6473054157379663,164,61.556603773584904,11.0,163,61.79245283018868,13.0,61,85.84905660377359,12.62,134,68.63207547169812,0.5,188,55.89622641509434,15.0,118,72.40566037735849
8482055,2024,Drew O'Connor,VAN,L,84,63331.0,1.0800397909396662,346,18.632075471698116,7.0,273,35.84905660377359,6.0,252,40.801886792452834,16.63,41,90.56603773584905,0.52,108,74.76415094339623,23.0,14,96.93396226415095
8481528,2024,Dylan Cozens,OTT,C,82,64197.0,1.8505537641945884,110,74.29245283018868,11.0,164,61.556603773584904,16.0,30,93.16037735849056,12.42,145,66.0377358490566,0.49,230,45.99056603773585,13.0,159,62.735849056603776
8482699,2024,Dylan Guenther,UTA,R,70,53915.0,1.6692942594825189,156,63.443396226415096,11.0,165,61.320754716981135,8.0,186,56.36792452830189,10.96,203,52.35849056603774,0.53,80,81.36792452830188,6.0,333,21.698113207547166
8482077,2024,Dylan Holloway,STL,L,77,66312.0,2.280130293159609,36,91.74528301886792,16.0,63,85.37735849056604,17.0,25,94.33962264150944,12.51,139,67.45283018867924,0.52,109,74.52830188679246,17.0,73,83.01886792452831
8477946,2024,Dylan Larkin,DET,C,82,72793.0,1.632025057354416,174,59.19811320754717,12.0,135,68.39622641509433,15.0,38,91.27358490566039,13.04,116,72.87735849056604,0.52,110,74.29245283018868,11.0,214,49.76415094339623
8478440,2024,Dylan Strome,WSH,C,82,67304.0,2.0860572922857483,62,85.61320754716981,19.0,34,92.21698113207547,11.0,116,72.87735849056604,13.49,102,76.17924528301887,0.49,231,45.75471698113208,17.0,74,82.78301886792453
8480009,2024,Eeli Tolvanen,SEA,R,81,61679.0,1.5175343309716434,216,49.29245283018868,17.0,50,88.44339622641509,2.0,382,10.14150943396227,12.4,146,65.80188679245283,0.47,314,26.179245283018872,13.0,160,62.5
8480185,2024,Eetu Luostarinen,FLA,C,80,60176.0,1.017016750864132,366,13.915094339622641,7.0,274,35.61320754716981,5.0,283,33.490566037735846,11.5,182,57.31132075471698,0.54,55,87.26415094339623,13.0,161,62.26415094339623
8477496,2024,Elias Lindholm,BOS,C,82,62085.0,1.4496255134090361,239,43.86792452830189,11.0,166,61.08490566037736,7.0,220,48.34905660377359,13.43,105,75.47169811320755,0.49,232,45.5188679245283,18.0,54,87.5
8480012,2024,Elias Pettersson,VAN,C,64,53633.0,1.5438256297428823,203,52.35849056603774,7.0,275,35.37735849056604,8.0,187,56.132075471698116,8.17,293,31.132075471698116,0.49,233,45.28301886792453,6.0,334,21.462264150943398
8482476,2024,Emil Heineman,MTL,L,62,38378.0,1.2194486424514044,312,26.650943396226424,7.0,276,35.14150943396227,4.0,313,26.41509433962264,6.15,352,17.216981132075475,0.49,234,45.04716981132076,7.0,310,27.12264150943396
8480762,2024,Eric Robinson,CAR,L,82,56177.0,1.9224949712515798,91,78.77358490566039,12.0,136,68.16037735849056,14.0,47,89.15094339622641,16.08,48,88.91509433962264,0.59,10,97.87735849056604,22.0,16,96.4622641509434
8475287,2024,Erik Haula,NJD,L,69,50332.0,1.0728761026782165,349,17.924528301886795,8.0,235,44.81132075471698,4.0,314,26.179245283018872,11.59,178,58.25471698113208,0.5,189,55.66037735849057,16.0,93,78.30188679245283
8478542,2024,Evan Rodrigues,FLA,C,82,66224.0,1.2503020053152936,299,29.716981132075475,11.0,167,60.84905660377358,5.0,284,33.25471698113208,12.97,121,71.69811320754717,0.57,25,94.33962264150944,13.0,162,62.028301886792455
8471215,2024,Evgeni Malkin,PIT,C,68,60224.0,1.6139744952178532,180,57.78301886792453,10.0,198,53.5377358490566,12.0,88,79.48113207547169,12.57,137,67.9245283018868,0.5,190,55.424528301886795,19.0,38,91.27358490566039
8474149,2024,Evgenii Dadonov,DAL,R,80,59103.0,1.7054971828841177,142,66.74528301886792,14.0,93,78.30188679245283,8.0,188,55.89622641509434,12.49,141,66.98113207547169,0.48,276,35.14150943396227,14.0,143,66.50943396226415
8480188,2024,Fabian Zetterlund,OTT,L,84,69432.0,1.6073280331835464,182,57.31132075471698,12.0,137,67.9245283018868,12.0,89,79.24528301886792,16.33,42,90.33018867924528,0.45,365,14.150943396226424,18.0,55,87.26415094339623
8482768,2024,Fedor Svechkov,NSH,C,52,34472.0,1.0443258296588536,359,15.566037735849065,5.0,331,22.169811320754718,1.0,406,4.481132075471706,5.81,356,16.273584905660385,0.5,191,55.18867924528302,7.0,311,26.886792452830193
8480078,2024,Filip Chytil,VAN,C,56,43628.0,1.485284679563583,225,47.16981132075472,11.0,168,60.613207547169814,3.0,349,17.924528301886795,12.31,152,64.38679245283019,0.51,153,64.15094339622641,14.0,144,66.27358490566039
8476887,2024,Filip Forsberg,NSH,L,82,70206.0,2.102384411588753,58,86.55660377358491,17.0,51,88.20754716981132,13.0,62,85.61320754716981,18.14,13,97.16981132075472,0.51,154,63.91509433962264,16.0,94,78.06603773584905
8483493,2024,Frank Nazar,CHI,C,53,41739.0,1.4662545820455688,230,45.99056603773585,7.0,277,34.90566037735849,6.0,253,40.56603773584906,9.73,240,43.632075471698116,0.43,400,5.896226415094347,11.0,215,49.528301886792455
8478366,2024,Frank Vatrano,ANA,R,81,65239.0,1.710633210196355,140,67.21698113207547,14.0,94,78.06603773584905,4.0,315,25.943396226415103,16.99,32,92.68867924528303,0.48,277,34.90566037735849,18.0,56,87.02830188679245
8477919,2024,Frederick Gaudreau,MIN,C,82,60844.0,1.3608572743409375,265,37.735849056603776,10.0,199,53.301886792452834,9.0,162,62.028301886792455,7.31,311,26.886792452830193,0.45,366,13.915094339622641,3.0,395,7.075471698113205
8480014,2024,Gabriel Vilardi,WPG,C,71,63283.0,1.8772814183904047,103,75.9433962264151,13.0,115,73.11320754716981,12.0,90,79.00943396226415,12.96,122,71.4622641509434,0.48,278,34.66981132075472,17.0,75,82.54716981132076
8482201,2024,Gage Goncalves,TBL,C,60,43828.0,1.478506890572237,229,46.22641509433962,7.0,278,34.66981132075472,7.0,221,48.113207547169814,6.36,345,18.867924528301884,0.49,235,44.81132075471698,6.0,335,21.22641509433963
8477903,2024,Garnet Hathaway,PHI,R,67,41270.0,1.5701478071238186,194,54.4811320754717,8.0,236,44.57547169811321,4.0,316,25.70754716981132,8.34,286,32.783018867924525,0.45,367,13.679245283018872,10.0,240,43.632075471698116
8474679,2024,Gustav Nyquist,MIN,R,79,61464.0,0.8199921905505662,395,7.075471698113205,3.0,379,10.84905660377359,5.0,285,33.01886792452831,8.04,296,30.424528301886795,0.52,111,74.05660377358491,6.0,336,20.990566037735846
8477392,2024,Hudson Fasching,NYI,R,43,27903.0,0.5160735404795184,418,1.650943396226424,2.0,398,6.367924528301884,1.0,407,4.245283018867923,5.4,363,14.622641509433961,0.54,56,87.02830188679245,4.0,382,10.14150943396227
8481624,2024,Ilya Mikheyev,CHI,R,80,63553.0,1.529432127515617,210,50.70754716981132,14.0,95,77.83018867924528,6.0,254,40.33018867924528,12.95,124,70.99056603773585,0.47,315,25.943396226415103,16.0,95,77.83018867924528
8480806,2024,Isac Lundestrom,ANA,C,79,50030.0,0.5756546072356585,417,1.8867924528301927,3.0,380,10.613207547169822,3.0,350,17.688679245283026,6.51,341,19.811320754716988,0.42,411,3.3018867924528337,7.0,312,26.650943396226424
8477964,2024,Ivan Barbashev,VGK,C,70,64523.0,2.3991444911116964,20,95.51886792452831,18.0,43,90.09433962264151,18.0,20,95.51886792452831,14.6,75,82.54716981132076,0.5,192,54.95283018867925,15.0,119,72.16981132075472
8483930,2024,Ivan Ivan,COL,C,40,20951.0,0.8591475347238795,389,8.490566037735846,3.0,381,10.377358490566039,0.0,422,0.7075471698113205,3.47,405,4.716981132075475,0.52,112,73.82075471698113,4.0,383,9.905660377358501
8477456,2024,J.T. Compher,DET,L,76,59557.0,1.3902647883540138,252,40.801886792452834,6.0,304,28.537735849056602,9.0,163,61.79245283018868,10.51,215,49.528301886792455,0.44,387,8.962264150943398,13.0,163,61.79245283018868
8476468,2024,J.T. Miller,NYR,C,72,57625.0,2.2490238611713664,39,91.0377358490566,11.0,169,60.37735849056604,16.0,31,92.9245283018868,11.3,191,55.18867924528302,0.5,193,54.716981132075475,13.0,164,61.556603773584904
8482175,2024,JJ Peterka,BUF,R,77,65291.0,2.3157862492533425,29,93.39622641509433,18.0,44,89.85849056603773,13.0,63,85.37735849056604,11.2,195,54.24528301886792,0.49,236,44.57547169811321,11.0,216,49.29245283018868
8480835,2024,Jack Drury,COL,C,72,45632.0,1.1044880785413744,342,19.575471698113205,6.0,305,28.301886792452834,3.0,351,17.452830188679243,7.63,305,28.301886792452834,0.57,26,94.10377358490567,5.0,356,16.273584905660385
8478403,2024,Jack Eichel,VGK,C,77,70132.0,2.412593395311698,19,95.75471698113208,20.0,30,93.16037735849056,13.0,64,85.14150943396227,14.95,67,84.43396226415095,0.51,155,63.67924528301887,15.0,120,71.93396226415095
8481559,2024,Jack Hughes,NJD,C,62,58229.0,2.0402205086812413,71,83.49056603773585,16.0,64,85.14150943396227,13.0,65,84.90566037735849,14.71,73,83.01886792452831,0.55,39,91.0377358490566,13.0,165,61.320754716981135
8480855,2024,Jack McBain,UTA,C,82,57087.0,1.4504177833832572,238,44.10377358490566,11.0,170,60.14150943396226,7.0,222,47.87735849056604,10.2,230,45.99056603773585,0.51,156,63.443396226415096,8.0,289,32.075471698113205
8482097,2024,Jack Quinn,BUF,R,74,53744.0,1.6076213158678176,181,57.54716981132076,11.0,171,59.905660377358494,6.0,255,40.09433962264151,8.0,300,29.481132075471706,0.48,279,34.43396226415095,2.0,410,3.5377358490566024
8478458,2024,Jack Roslovic,CAR,C,81,58615.0,2.0882026784952656,61,85.84905660377359,19.0,35,91.98113207547169,8.0,189,55.66037735849057,12.59,136,68.16037735849056,0.57,27,93.86792452830188,12.0,186,56.36792452830189
8482809,2024,Jackson Blake,CAR,R,80,55194.0,1.6958365039678225,145,66.0377358490566,12.0,138,67.68867924528303,10.0,136,68.16037735849056,15.39,64,85.14150943396227,0.61,1,100.0,20.0,33,92.45283018867924
8475768,2024,Jaden Schwartz,SEA,C,81,70546.0,1.6840075978793978,152,64.38679245283019,17.0,52,87.97169811320755,8.0,190,55.424528301886795,15.45,62,85.61320754716981,0.5,194,54.4811320754717,11.0,217,49.05660377358491
8478498,2024,Jake DeBrusk,VAN,L,82,65484.0,1.3743815283122593,257,39.62264150943396,11.0,172,59.66981132075472,5.0,286,32.783018867924525,12.13,158,62.97169811320755,0.47,316,25.70754716981132,16.0,96,77.59433962264151
8478133,2024,Jake Evans,MTL,C,82,59643.0,1.2675418741511995,294,30.896226415094347,7.0,279,34.43396226415095,11.0,117,72.64150943396227,8.7,274,35.61320754716981,0.48,280,34.198113207547166,7.0,313,26.41509433962264
8477404,2024,Jake Guentzel,TBL,C,80,73961.0,1.9956463541596248,78,81.83962264150944,19.0,36,91.74528301886792,11.0,118,72.40566037735849,17.64,23,94.81132075471699,0.51,157,63.20754716981132,18.0,57,86.79245283018868
8482089,2024,Jake Neighbours,STL,L,82,64359.0,1.7340232135365683,133,68.86792452830188,14.0,96,77.59433962264151,12.0,91,78.77358490566039,12.46,143,66.50943396226415,0.47,317,25.47169811320755,19.0,39,91.0377358490566
8481592,2024,Jakob Pelletier,PHI,L,49,31077.0,2.2009846510280915,47,89.15094339622641,7.0,280,34.198113207547166,5.0,287,32.54716981132076,6.57,336,20.990566037735846,0.51,158,62.97169811320755,12.0,187,56.132075471698116
8480880,2024,Jakub Lauko,BOS,C,56,32717.0,0.8802763089525324,387,8.962264150943398,3.0,382,10.14150943396227,2.0,383,9.905660377358501,3.72,399,6.132075471698116,0.4,424,0.23584905660378297,3.0,396,6.839622641509436
8477944,2024,Jakub Vrana,NSH,L,39,22415.0,1.6060673656033906,184,56.839622641509436,5.0,332,21.93396226415095,3.0,352,17.216981132075475,3.41,410,3.5377358490566024,0.45,368,13.443396226415103,2.0,411,3.3018867924528337
8474037,2024,James van Riemsdyk,CBJ,L,71,48244.0,2.3878617030097007,21,95.28301886792453,13.0,116,72.87735849056604,10.0,137,67.9245283018868,11.36,187,56.132075471698116,0.49,237,44.339622641509436,14.0,145,66.0377358490566
8473994,2024,Jamie Benn,DAL,L,80,56476.0,2.4222678659961754,18,95.99056603773585,15.0,81,81.13207547169812,14.0,48,88.91509433962264,12.89,127,70.28301886792453,0.47,318,25.235849056603783,13.0,166,61.08490566037736
8478424,2024,Jansen Harkins,ANA,C,62,34348.0,0.6288575754046815,415,2.3584905660377444,2.0,399,6.132075471698116,1.0,408,4.009433962264154,3.47,406,4.481132075471706,0.43,401,5.660377358490564,2.0,412,3.066037735849065
8477955,2024,Jared McCann,SEA,L,82,59750.0,2.169037656903766,50,88.44339622641509,12.0,139,67.45283018867924,16.0,32,92.68867924528303,10.53,214,49.76415094339623,0.47,319,25.0,5.0,357,16.037735849056602
8477450,2024,Jason Dickinson,CHI,C,59,44925.0,1.0417362270450752,360,15.330188679245282,6.0,306,28.066037735849065,3.0,353,16.981132075471706,6.18,351,17.452830188679243,0.44,388,8.726415094339629,6.0,337,20.754716981132077
8480027,2024,Jason Robertson,DAL,L,82,68458.0,2.787110345029069,5,99.05660377358491,23.0,13,97.16981132075472,15.0,39,91.0377358490566,13.01,118,72.40566037735849,0.5,195,54.24528301886792,16.0,97,77.35849056603774
8475722,2024,Jason Zucker,BUF,L,73,55023.0,1.8973883648656016,98,77.12264150943396,9.0,215,49.528301886792455,15.0,40,90.80188679245283,11.58,179,58.0188679245283,0.48,281,33.9622641509434,12.0,188,55.89622641509434
8476419,2024,Jean-Gabriel Pageau,NYI,C,79,61719.0,1.6915374520001945,146,65.80188679245283,11.0,173,59.43396226415094,9.0,164,61.556603773584904,14.07,91,78.77358490566039,0.52,113,73.58490566037736,18.0,58,86.55660377358491
8475784,2024,Jeff Skinner,EDM,L,72,49951.0,1.7296951011991752,137,67.9245283018868,14.0,97,77.35849056603774,7.0,223,47.64150943396226,13.32,109,74.52830188679246,0.52,114,73.34905660377359,11.0,218,48.820754716981135
8480003,2024,Jesper Boqvist,FLA,C,78,55081.0,1.3725241008696285,259,39.15094339622642,10.0,200,53.06603773584906,6.0,256,39.85849056603774,9.55,244,42.68867924528302,0.51,159,62.735849056603776,12.0,189,55.66037735849057
8479407,2024,Jesper Bratt,NJD,L,81,66077.0,2.233757585846815,41,90.56603773584905,12.0,140,67.21698113207547,19.0,14,96.93396226415095,13.4,106,75.23584905660377,0.53,81,81.13207547169812,16.0,98,77.12264150943396
8480829,2024,Jesperi Kotkaniemi,CAR,C,78,58206.0,1.9173281105040718,93,78.30188679245283,11.0,174,59.19811320754717,9.0,165,61.320754716981135,11.54,180,57.78301886792453,0.58,15,96.69811320754717,15.0,121,71.69811320754717
8479344,2024,Jesse Puljujarvi,FLA,R,31,20161.0,1.6070631417092405,183,57.07547169811321,4.0,355,16.509433962264154,2.0,384,9.669811320754718,4.26,390,8.254716981132077,0.52,115,73.11320754716981,4.0,384,9.669811320754718
8476918,2024,Jimmy Vesey,COL,L,43,26591.0,0.947689067729683,374,12.028301886792462,5.0,333,21.698113207547166,2.0,385,9.43396226415095,3.48,404,4.952830188679243,0.5,196,54.009433962264154,3.0,397,6.603773584905667
8483468,2024,Jiri Kulich,BUF,C,62,46981.0,1.685787871692812,150,64.85849056603774,14.0,98,77.12264150943396,5.0,288,32.31132075471699,12.02,163,61.79245283018868,0.52,116,72.87735849056604,15.0,122,71.4622641509434
8480813,2024,Joe Veleno,CHI,C,74,50280.0,1.0023866348448687,370,12.971698113207552,8.0,237,44.339622641509436,2.0,386,9.198113207547166,8.03,299,29.716981132075475,0.45,369,13.20754716981132,10.0,241,43.39622641509434
8476469,2024,Joel Armia,MTL,R,81,51364.0,1.3316719881629158,273,35.84905660377359,5.0,334,21.462264150943398,10.0,138,67.68867924528303,8.1,295,30.660377358490564,0.46,345,18.867924528301884,9.0,271,36.320754716981135
8478493,2024,Joel Eriksson Ek,MIN,C,46,38467.0,1.4038006603062365,249,41.509433962264154,8.0,238,44.10377358490566,4.0,317,25.47169811320755,8.64,276,35.14150943396227,0.54,57,86.79245283018868,5.0,358,15.801886792452834
8480797,2024,Joel Farabee,CGY,L,81,61977.0,1.0455491553318168,358,15.801886792452834,9.0,216,49.29245283018868,7.0,224,47.405660377358494,15.79,54,87.5,0.5,197,53.77358490566038,22.0,17,96.22641509433963
8481641,2024,Joel Kiviranta,COL,L,79,51450.0,1.2594752186588922,297,30.188679245283026,12.0,141,66.98113207547169,4.0,318,25.235849056603783,10.47,216,49.29245283018868,0.52,117,72.64150943396227,14.0,146,65.80188679245283
8481556,2024,John Beecher,BOS,C,78,44966.0,0.6404839211848953,414,2.594339622641513,2.0,400,5.896226415094347,5.0,289,32.075471698113205,4.38,386,9.198113207547166,0.43,402,5.424528301886795,4.0,385,9.43396226415095
8475166,2024,John Tavares,TOR,C,75,64626.0,2.2839105004177886,34,92.21698113207547,20.0,31,92.9245283018868,15.0,41,90.56603773584905,16.23,44,89.85849056603773,0.46,346,18.632075471698116,21.0,27,93.86792452830188
8479981,2024,Jonah Gadjovich,FLA,L,42,20712.0,0.6952491309385863,407,4.245283018867923,4.0,356,16.273584905660385,0.0,423,0.47169811320755173,5.25,368,13.443396226415103,0.54,58,86.55660377358491,9.0,272,36.08490566037736
8481013,2024,Jonatan Berggren,DET,R,75,54139.0,1.1304235394078206,334,21.462264150943398,8.0,239,43.86792452830189,7.0,225,47.16981132075472,9.28,256,39.85849056603774,0.46,347,18.396226415094347,10.0,242,43.16037735849057
8477494,2024,Jonathan Drouin,COL,L,43,36684.0,2.1589793915603535,52,87.97169811320755,7.0,281,33.9622641509434,9.0,166,61.08490566037736,5.12,371,12.735849056603783,0.58,16,96.4622641509434,5.0,359,15.566037735849065
8476456,2024,Jonathan Huberdeau,CGY,L,81,71030.0,1.5204843024074335,215,49.528301886792455,13.0,117,72.64150943396227,13.0,66,84.66981132075472,11.41,185,56.60377358490566,0.52,118,72.40566037735849,12.0,190,55.424528301886795
8476539,2024,Jonathan Marchessault,NSH,R,78,65106.0,1.43765551562068,242,43.16037735849057,14.0,99,76.88679245283019,6.0,257,39.62264150943396,12.87,128,70.04716981132076,0.48,282,33.72641509433963,13.0,167,60.84905660377358
8477380,2024,Jonny Brodzinski,NYR,C,51,33352.0,2.0508515231470374,68,84.19811320754717,12.0,142,66.74528301886792,3.0,354,16.745283018867923,6.58,335,21.22641509433963,0.45,370,12.971698113207552,8.0,290,31.839622641509436
8474586,2024,Jordan Eberle,SEA,R,42,32982.0,1.7464071311624523,131,69.33962264150944,6.0,307,27.830188679245282,9.0,167,60.84905660377358,7.02,321,24.528301886792462,0.45,371,12.735849056603783,5.0,360,15.330188679245282
8478413,2024,Jordan Greenway,BUF,L,34,24163.0,1.1919049786864213,319,25.0,3.0,383,9.905660377358501,4.0,319,25.0,5.1,372,12.5,0.52,119,72.16981132075472,11.0,219,48.58490566037736
8479385,2024,Jordan Kyrou,STL,R,82,70867.0,2.3875710838613178,22,95.04716981132076,25.0,8,98.34905660377359,13.0,67,84.43396226415095,15.57,58,86.55660377358491,0.51,160,62.5,10.0,243,42.924528301886795
8476921,2024,Jordan Martinook,CAR,L,79,60492.0,1.6663360444356279,157,63.20754716981132,12.0,143,66.50943396226415,11.0,119,72.16981132075472,15.7,56,87.02830188679245,0.6,4,99.29245283018868,18.0,59,86.32075471698113
8473533,2024,Jordan Staal,CAR,C,75,57068.0,1.7663138711712343,122,71.4622641509434,11.0,175,58.9622641509434,12.0,92,78.5377358490566,13.91,95,77.83018867924528,0.6,5,99.05660377358491,15.0,123,71.22641509433963
8476981,2024,Josh Anderson,MTL,R,81,59643.0,1.2675418741511995,295,30.660377358490564,12.0,144,66.27358490566039,5.0,290,31.839622641509436,15.04,66,84.66981132075472,0.45,372,12.5,18.0,60,86.08490566037736
8482659,2024,Josh Doan,UTA,R,51,36335.0,1.4861703591578368,223,47.64150943396226,4.0,357,16.037735849056602,7.0,226,46.93396226415094,8.67,275,35.37735849056604,0.58,17,96.22641509433963,11.0,220,48.34905660377359
8480064,2024,Josh Norris,BUF,C,56,41176.0,1.311443559354964,282,33.72641509433963,11.0,176,58.72641509433962,2.0,387,8.962264150943398,7.21,315,25.943396226415103,0.48,283,33.490566037735846,6.0,338,20.51886792452831
8483515,2024,Juraj Slafkovsk,MTL,L,79,65586.0,2.0858109962491995,63,85.37735849056604,13.0,118,72.40566037735849,12.0,93,78.30188679245283,14.16,86,79.95283018867924,0.5,198,53.5377358490566,10.0,244,42.68867924528302
8479638,2024,Justin Brazeau,MIN,R,76,48137.0,1.1965847476992748,317,25.47169811320755,6.0,308,27.594339622641513,7.0,227,46.69811320754717,9.52,246,42.216981132075475,0.48,284,33.25471698113208,13.0,168,60.613207547169814
8479941,2024,Justin Danforth,CBJ,R,61,43661.0,1.3192551705183115,278,34.66981132075472,7.0,282,33.72641509433963,6.0,258,39.38679245283019,11.14,197,53.77358490566038,0.48,285,33.01886792452831,15.0,124,70.99056603773585
8475413,2024,Justin Dowling,NJD,C,52,31244.0,0.69133273588529,408,4.009433962264154,1.0,413,2.830188679245282,2.0,388,8.726415094339629,3.4,412,3.066037735849065,0.47,320,24.76415094339623,3.0,398,6.367924528301884
8481704,2024,Juuso Parssinen,NYR,C,48,28286.0,1.781800183836527,119,72.16981132075472,6.0,309,27.358490566037744,4.0,320,24.76415094339623,3.58,401,5.660377358490564,0.45,373,12.264150943396231,5.0,361,15.094339622641513
8481554,2024,Kaapo Kakko,SEA,R,79,64241.0,1.8492862813468034,111,74.05660377358491,9.0,217,49.05660377358491,16.0,33,92.45283018867924,9.89,236,44.57547169811321,0.49,238,44.10377358490566,13.0,169,60.37735849056604
8477953,2024,Kasperi Kapanen,EDM,R,67,43719.0,1.070472792149866,351,17.452830188679243,6.0,310,27.12264150943396,5.0,291,31.603773584905667,5.3,365,14.150943396226424,0.51,161,62.26415094339623,4.0,386,9.198113207547166
8478434,2024,Keegan Kolesar,VGK,R,82,62008.0,1.5675396723003483,195,54.24528301886792,11.0,177,58.49056603773585,7.0,228,46.4622641509434,10.75,207,51.41509433962264,0.51,162,62.028301886792455,15.0,125,70.75471698113208
8482660,2024,Kent Johnson,CBJ,C,68,56125.0,2.373273942093541,23,94.81132075471699,19.0,37,91.50943396226415,8.0,191,55.18867924528302,10.24,225,47.16981132075472,0.51,163,61.79245283018868,12.0,191,55.18867924528302
8477942,2024,Kevin Fiala,LAK,L,81,71857.0,1.5530845985777308,200,53.06603773584906,18.0,45,89.62264150943396,11.0,120,71.93396226415095,16.84,37,91.50943396226415,0.56,29,93.39622641509433,16.0,99,76.88679245283019
8475763,2024,Kevin Hayes,PIT,R,64,37175.0,1.3557498318762609,268,37.028301886792455,8.0,240,43.632075471698116,3.0,355,16.509433962264154,8.25,291,31.603773584905667,0.53,82,80.89622641509433,10.0,245,42.45283018867925
8478099,2024,Kevin Labanc,CBJ,R,34,19923.0,1.9876524619786178,79,81.60377358490567,2.0,401,5.660377358490564,2.0,389,8.490566037735846,2.35,420,1.1792452830188722,0.52,120,71.93396226415095,3.0,399,6.132075471698116
8479291,2024,Kevin Rooney,CGY,C,70,31076.0,0.9267602007980436,378,11.084905660377359,4.0,358,15.801886792452834,1.0,409,3.7735849056603854,5.63,359,15.566037735849065,0.47,321,24.528301886792462,9.0,273,35.84905660377359
8478831,2024,Kevin Stenlund,UTA,C,82,55846.0,1.4826487125308885,226,46.93396226415094,10.0,201,52.83018867924528,7.0,229,46.22641509433962,8.83,272,36.08490566037736,0.49,239,43.86792452830189,7.0,314,26.179245283018872
8480748,2024,Kiefer Sherwood,VAN,L,78,57472.0,2.0670935412026727,67,84.43396226415095,15.0,82,80.89622641509433,11.0,121,71.69811320754717,9.25,258,39.38679245283019,0.5,199,53.301886792452834,7.0,315,25.943396226415103
8481523,2024,Kirby Dach,MTL,C,57,43418.0,1.0778939610299876,348,18.160377358490564,7.0,283,33.490566037735846,1.0,410,3.5377358490566024,8.91,269,36.79245283018868,0.45,374,12.028301886792462,11.0,221,48.113207547169814
8478864,2024,Kirill Kaprizov,MIN,L,41,44612.0,2.501569084551242,16,96.4622641509434,12.0,145,66.0377358490566,13.0,68,84.19811320754717,8.39,283,33.490566037735846,0.53,83,80.66037735849056,8.0,291,31.603773584905667
8480893,2024,Kirill Marchenko,CBJ,R,79,72316.0,2.289949665357597,32,92.68867924528303,24.0,9,98.11320754716981,15.0,42,90.33018867924528,12.78,131,69.33962264150944,0.52,121,71.69811320754717,16.0,100,76.65094339622641
8480011,2024,Klim Kostin,SJS,C,35,20260.0,1.0661401776900294,353,16.981132075471706,1.0,414,2.594339622641513,2.0,390,8.254716981132077,3.36,413,2.830188679245282,0.42,412,3.066037735849065,4.0,387,8.962264150943398
8478398,2024,Kyle Connor,WPG,L,82,78289.0,2.3451570463283473,26,94.10377358490567,26.0,3,99.52830188679245,14.0,49,88.67924528301887,17.5,26,94.10377358490567,0.48,286,32.783018867924525,12.0,192,54.95283018867925
8481237,2024,Kyle MacLean,NYI,C,81,46525.0,0.8511552928533047,391,8.018867924528308,4.0,359,15.566037735849065,4.0,321,24.528301886792462,5.17,369,13.20754716981132,0.45,375,11.79245283018868,5.0,362,14.858490566037744
8475151,2024,Kyle Palmieri,NYI,C,82,70222.0,1.6405115206060779,169,60.37735849056604,17.0,53,87.73584905660377,8.0,192,54.95283018867925,15.54,60,86.08490566037736,0.47,322,24.29245283018868,19.0,40,90.80188679245283
8482172,2024,Landon Slaggert,CHI,L,33,22821.0,0.9464966478243723,376,11.55660377358491,2.0,402,5.424528301886795,4.0,322,24.29245283018868,4.32,388,8.726415094339629,0.42,413,2.830188679245282,2.0,413,2.830188679245282
8474189,2024,Lars Eller,WSH,C,80,56234.0,1.152327773233275,327,23.113207547169807,9.0,218,48.820754716981135,7.0,230,45.99056603773585,9.89,237,44.339622641509436,0.52,122,71.4622641509434,10.0,246,42.216981132075475
8478474,2024,Lawson Crouse,UTA,L,81,56902.0,1.0122667041580262,367,13.679245283018872,11.0,178,58.25471698113208,2.0,391,8.018867924528308,14.06,93,78.30188679245283,0.53,84,80.4245283018868,16.0,101,76.41509433962264
8484153,2024,Leo Carlsson,ANA,C,76,58151.0,1.7334181699368885,135,68.39622641509433,13.0,119,72.16981132075472,6.0,259,39.15094339622642,10.39,219,48.58490566037736,0.47,323,24.05660377358491,8.0,292,31.367924528301884
8477934,2024,Leon Draisaitl,EDM,C,71,72319.0,2.6383108173509036,10,97.87735849056604,23.0,14,96.93396226415095,20.0,10,97.87735849056604,13.63,100,76.65094339622641,0.59,11,97.64150943396227,8.0,293,31.132075471698116
8483431,2024,Logan Cooley,UTA,C,75,61552.0,2.280998180400312,35,91.98113207547169,18.0,46,89.38679245283019,12.0,94,78.06603773584905,12.13,159,62.735849056603776,0.5,200,53.06603773584906,11.0,222,47.87735849056604
8481186,2024,Logan O'Connor,COL,R,80,56828.0,1.1402829591046668,332,21.93396226415095,9.0,219,48.58490566037736,4.0,323,24.05660377358491,9.43,250,41.27358490566038,0.53,85,80.18867924528303,8.0,294,30.896226415094347
8482702,2024,Logan Stankoven,CAR,C,78,60079.0,1.5579487008771784,198,53.5377358490566,10.0,202,52.59433962264151,7.0,231,45.75471698113208,16.86,36,91.74528301886792,0.54,59,86.32075471698113,16.0,102,76.17924528301887
8482078,2024,Lucas Raymond,DET,L,82,68804.0,1.7266437997790824,138,67.68867924528303,16.0,65,84.90566037735849,11.0,122,71.4622641509434,14.77,71,83.49056603773585,0.52,123,71.22641509433963,13.0,170,60.14150943396226
8482117,2024,Lukas Reichel,CHI,L,70,44212.0,1.547091287433276,201,52.83018867924528,8.0,241,43.39622641509434,6.0,260,38.91509433962264,6.28,347,18.396226415094347,0.41,421,0.9433962264151035,4.0,388,8.726415094339629
8482146,2024,Luke Evangelista,NSH,R,68,50184.0,1.6499282639885222,162,62.028301886792455,5.0,335,21.22641509433963,9.0,168,60.613207547169814,10.24,226,46.93396226415094,0.55,40,90.80188679245283,10.0,247,41.9811320754717
8476822,2024,Luke Glendening,TBL,C,77,41214.0,0.4367447954578541,422,0.7075471698113205,3.0,384,9.669811320754718,2.0,392,7.783018867924525,5.56,360,15.330188679245282,0.44,389,8.490566037735846,8.0,295,30.660377358490564
8479316,2024,Luke Kunin,CBJ,C,75,54402.0,1.058784603507224,355,16.509433962264154,10.0,203,52.35849056603774,3.0,356,16.273584905660385,13.0,120,71.93396226415095,0.41,422,0.7075471698113205,17.0,76,82.31132075471697
8482713,2024,Mackie Samoskevich,FLA,R,72,49089.0,1.3200513353297072,277,34.90566037735849,10.0,204,52.12264150943396,6.0,261,38.67924528301887,11.08,199,53.301886792452834,0.55,41,90.56603773584905,15.0,126,70.51886792452831
8484801,2024,Macklin Celebrini,SJS,C,70,64839.0,1.9987970203118492,77,82.0754716981132,16.0,66,84.66981132075472,13.0,69,83.9622641509434,14.87,69,83.9622641509434,0.49,240,43.632075471698116,16.0,103,75.9433962264151
8482177,2024,Marat Khusnutdinov,BOS,C,75,47214.0,0.7624857033930613,400,5.896226415094347,5.0,336,20.990566037735846,3.0,357,16.037735849056602,4.03,395,7.075471698113205,0.43,403,5.188679245283026,1.0,422,0.7075471698113205
8483553,2024,Marc Gatcomb,NYI,C,39,22689.0,1.4280047600158667,243,42.924528301886795,8.0,242,43.16037735849057,0.0,424,0.23584905660378297,4.6,379,10.84905660377359,0.48,287,32.54716981132076,6.0,339,20.283018867924525
8483464,2024,Marco Kasper,DET,C,77,61573.0,1.5786140028908775,190,55.424528301886795,13.0,120,71.93396226415095,5.0,292,31.367924528301884,14.04,94,78.06603773584905,0.51,164,61.556603773584904,16.0,104,75.70754716981132
8482079,2024,Marco Rossi,MIN,C,82,74566.0,1.6897781830861252,148,65.33018867924528,14.0,100,76.65094339622641,14.0,50,88.44339622641509,13.74,98,77.12264150943396,0.5,201,52.83018867924528,16.0,105,75.47169811320755
8475220,2024,Marcus Foligno,MIN,L,77,56667.0,1.4611678754830855,233,45.28301886792453,9.0,220,48.34905660377359,8.0,193,54.716981132075475,11.82,172,59.66981132075472,0.52,124,70.99056603773585,17.0,77,82.0754716981132
8475149,2024,Marcus Johansson,MIN,L,72,62157.0,1.216274916743086,313,26.41509433962264,7.0,284,33.25471698113208,12.0,95,77.83018867924528,9.01,264,37.97169811320755,0.48,288,32.31132075471699,8.0,296,30.424528301886795
8476873,2024,Mark Jankowski,CAR,L,60,37372.0,1.54126083699026,205,51.88679245283019,11.0,179,58.0188679245283,4.0,324,23.820754716981142,8.96,267,37.26415094339623,0.56,30,93.16037735849056,9.0,274,35.61320754716981
8480355,2024,Mark Kastelic,BOS,C,61,37598.0,1.2447470610138838,302,29.009433962264154,5.0,337,20.754716981132077,6.0,262,38.443396226415096,6.23,349,17.924528301886795,0.44,390,8.254716981132077,5.0,363,14.622641509433961
8476460,2024,Mark Scheifele,WPG,C,82,81886.0,2.0223237183401315,73,83.01886792452831,19.0,38,91.27358490566039,20.0,11,97.64150943396227,17.52,25,94.33962264150944,0.47,324,23.820754716981142,19.0,41,90.56603773584905
8475913,2024,Mark Stone,VGK,R,66,57724.0,1.933337953017809,88,79.48113207547169,12.0,146,65.80188679245283,13.0,70,83.72641509433961,12.82,130,69.5754716981132,0.52,125,70.75471698113208,16.0,106,75.23584905660377
8480039,2024,Martin Necas,COL,C,79,67850.0,1.963154016212233,84,80.4245283018868,12.0,147,65.56603773584905,17.0,26,94.10377358490567,12.55,138,67.68867924528303,0.58,18,95.99056603773585,11.0,223,47.64150943396226
8481028,2024,Martin Pospisil,CGY,C,81,61219.0,1.1173001845832176,339,20.283018867924525,3.0,385,9.43396226415095,10.0,139,67.45283018867924,10.57,213,50.0,0.54,60,86.08490566037736,15.0,127,70.28301886792453
8478891,2024,Mason Appleton,WPG,C,71,57766.0,1.1840875255340513,321,24.528301886792462,8.0,243,42.924528301886795,7.0,232,45.5188679245283,8.26,290,31.839622641509436,0.5,202,52.59433962264151,7.0,316,25.70754716981132
8478975,2024,Mason Marchment,DAL,L,62,48528.0,2.2255192878338277,43,90.09433962264151,14.0,101,76.41509433962264,12.0,96,77.59433962264151,12.0,164,61.556603773584904,0.5,203,52.35849056603774,10.0,248,41.74528301886793
8482745,2024,Mason McTavish,ANA,C,76,62736.0,2.1231828615149198,55,87.26415094339623,14.0,102,76.17924528301887,10.0,140,67.21698113207547,15.44,63,85.37735849056604,0.45,376,11.55660377358491,19.0,42,90.33018867924528
8478445,2024,Mathew Barzal,NYI,C,30,29233.0,1.600930455307358,186,56.36792452830189,3.0,386,9.198113207547166,8.0,194,54.4811320754717,5.29,366,13.915094339622641,0.58,19,95.75471698113208,5.0,364,14.386792452830193
8478472,2024,Mathieu Joseph,STL,R,60,38697.0,1.209396077215288,315,25.943396226415103,3.0,387,8.962264150943398,6.0,263,38.20754716981132,6.69,332,21.93396226415095,0.49,241,43.39622641509434,5.0,365,14.150943396226424
8479671,2024,Mathieu Olivier,CBJ,R,82,63717.0,1.6384952210556052,171,59.905660377358494,16.0,67,84.43396226415095,6.0,264,37.97169811320755,11.31,190,55.424528301886795,0.44,391,8.018867924528308,12.0,193,54.716981132075475
8481711,2024,Matias Maccelli,UTA,L,55,39543.0,1.2745618693574083,289,32.075471698113205,8.0,244,42.68867924528302,4.0,325,23.58490566037736,6.72,330,22.405660377358487,0.55,42,90.33018867924528,4.0,389,8.490566037735846
8475692,2024,Mats Zuccarello,MIN,R,69,64512.0,1.7299107142857142,136,68.16037735849056,13.0,121,71.69811320754717,12.0,97,77.35849056603774,9.76,239,43.86792452830189,0.48,289,32.075471698113205,11.0,224,47.405660377358494
8481557,2024,Matt Boldy,MIN,L,82,77233.0,1.8178757784884698,117,72.64150943396227,14.0,103,75.9433962264151,13.0,71,83.49056603773585,19.3,9,98.11320754716981,0.51,165,61.320754716981135,14.0,147,65.56603773584905
8482679,2024,Matt Coronato,CGY,R,77,66762.0,1.240226476139121,303,28.773584905660385,15.0,83,80.66037735849056,7.0,233,45.28301886792453,11.28,192,54.95283018867925,0.53,86,79.95283018867924,9.0,275,35.37735849056604
8475168,2024,Matt Duchene,DAL,C,82,67455.0,2.5083388925950634,15,96.69811320754717,19.0,39,91.0377358490566,14.0,51,88.20754716981132,13.22,110,74.29245283018868,0.5,204,52.12264150943396,12.0,194,54.4811320754717
8474709,2024,Matt Martin,NYI,L,32,16231.0,0.44359558868831245,420,1.1792452830188722,0.0,423,0.47169811320755173,2.0,393,7.547169811320757,2.34,421,0.9433962264151035,0.39,425,0.0,5.0,366,13.915094339622641
8476442,2024,Matt Nieto,PIT,L,32,19337.0,0.3723431762941511,425,0.0,1.0,415,2.3584905660377444,1.0,411,3.3018867924528337,2.6,418,1.650943396226424,0.45,377,11.320754716981142,2.0,414,2.594339622641513
8482460,2024,Matt Rempe,NYR,C,42,21346.0,1.34919891314532,271,36.320754716981135,3.0,388,8.726415094339629,2.0,394,7.311320754716988,4.59,382,10.14150943396227,0.43,404,4.952830188679243,5.0,367,13.679245283018872
8478146,2024,Matthew Highmore,OTT,C,41,23955.0,0.7514088916718847,403,5.188679245283026,1.0,416,2.1226415094339615,3.0,358,15.801886792452834,3.79,396,6.839622641509436,0.45,378,11.084905660377359,6.0,340,20.047169811320757
8482720,2024,Matthew Knies,TOR,L,78,65854.0,1.913323412397121,94,78.06603773584905,22.0,21,95.28301886792453,6.0,265,37.735849056603776,18.1,14,96.93396226415095,0.5,205,51.88679245283019,22.0,18,95.99056603773585
8483505,2024,Matthew Poitras,BOS,C,33,23283.0,1.3915732508697332,251,41.03773584905661,1.0,417,1.8867924528301927,6.0,266,37.5,3.14,415,2.3584905660377444,0.51,166,61.08490566037736,3.0,400,5.896226415094347
8479314,2024,Matthew Tkachuk,FLA,L,52,43718.0,2.2233405004803513,45,89.62264150943396,8.0,245,42.45283018867925,13.0,72,83.25471698113208,9.35,252,40.801886792452834,0.58,20,95.51886792452831,13.0,171,59.905660377358494
8477406,2024,Mattias Janmark,EDM,C,80,54996.0,0.9164302858389701,381,10.377358490566039,1.0,418,1.650943396226424,8.0,195,54.24528301886792,6.86,326,23.34905660377359,0.48,290,31.839622641509436,6.0,341,19.811320754716988
8482665,2024,Matty Beniers,SEA,C,82,73018.0,1.3311786134925636,274,35.61320754716981,13.0,122,71.4622641509434,9.0,169,60.37735849056604,11.95,166,61.08490566037736,0.49,242,43.16037735849057,11.0,225,47.16981132075472
8484387,2024,Matvei Michkov,PHI,R,80,62891.0,2.2896757882685916,33,92.45283018867924,15.0,84,80.4245283018868,14.0,52,87.97169811320755,14.13,89,79.24528301886792,0.48,291,31.603773584905667,20.0,34,92.21698113207547
8482145,2024,Mavrik Bourque,DAL,C,73,49627.0,1.450823140629093,237,44.339622641509436,9.0,221,48.113207547169814,5.0,293,31.132075471698116,9.9,234,45.04716981132076,0.52,126,70.51886792452831,10.0,249,41.509433962264154
8477503,2024,Max Domi,TOR,C,74,55530.0,1.6207455429497568,178,58.25471698113208,8.0,246,42.216981132075475,14.0,53,87.73584905660377,6.33,346,18.632075471698116,0.47,325,23.58490566037736,4.0,390,8.254716981132077
8474157,2024,Max Pacioretty,TOR,L,37,26835.0,1.7439910564561207,132,69.10377358490567,5.0,338,20.51886792452831,4.0,326,23.34905660377359,7.5,306,28.066037735849065,0.49,243,42.924528301886795,10.0,250,41.27358490566038
8484958,2024,Maxim Tsyplakov,NYI,R,77,60846.0,1.834138645104033,113,73.58490566037736,8.0,247,41.9811320754717,12.0,98,77.12264150943396,14.29,83,80.66037735849056,0.52,127,70.28301886792453,19.0,43,90.09433962264151
8478020,2024,Michael Amadio,OTT,R,72,55123.0,1.3061698383614826,283,33.490566037735846,7.0,285,33.01886792452831,11.0,123,71.22641509433963,10.26,224,47.405660377358494,0.49,244,42.68867924528302,13.0,172,59.66981132075472
8478047,2024,Michael Bunting,NSH,L,76,59813.0,1.1435641081370271,331,22.169811320754718,7.0,286,32.783018867924525,9.0,170,60.14150943396226,14.67,74,82.78301886792453,0.53,87,79.71698113207547,16.0,107,75.0
8479619,2024,Michael Carcone,UTA,L,53,33661.0,1.8181278036897301,116,72.87735849056604,7.0,287,32.54716981132076,3.0,359,15.566037735849065,7.01,322,24.29245283018868,0.54,61,85.84905660377359,6.0,342,19.575471698113205
8479591,2024,Michael Eyssimont,SEA,C,77,48559.0,1.1861858769744023,320,24.76415094339623,9.0,222,47.87735849056604,3.0,360,15.330188679245282,14.46,78,81.83962264150944,0.52,128,70.04716981132076,22.0,19,95.75471698113208
8477446,2024,Michael McCarron,NSH,C,74,49435.0,0.946697683827248,375,11.79245283018868,5.0,339,20.283018867924525,4.0,327,23.113207547169807,8.93,268,37.028301886792455,0.47,326,23.34905660377359,9.0,276,35.14150943396227
8479992,2024,Michael Rasmussen,DET,C,77,51966.0,0.9005888465535158,383,9.905660377358501,7.0,288,32.31132075471699,3.0,361,15.094339622641513,11.6,177,58.49056603773585,0.46,348,18.160377358490564,17.0,78,81.83962264150944
8476459,2024,Mika Zibanejad,NYR,C,82,63621.0,1.7541377846937332,127,70.28301886792453,11.0,180,57.78301886792453,14.0,54,87.5,9.9,235,44.81132075471698,0.48,292,31.367924528301884,7.0,317,25.47169811320755
8474150,2024,Mikael Backlund,CGY,C,76,64079.0,1.1236130401535604,335,21.22641509433963,12.0,148,65.33018867924528,5.0,294,30.896226415094347,13.49,103,75.9433962264151,0.53,88,79.48113207547169,17.0,79,81.60377358490567
8475798,2024,Mikael Granlund,DAL,C,83,69971.0,1.8521959097340326,108,74.76415094339623,11.0,181,57.54716981132076,18.0,21,95.28301886792453,10.4,218,48.820754716981135,0.44,392,7.783018867924525,10.0,251,41.03773584905661
8482451,2024,Mikael Pyyhtia,CBJ,L,47,29401.0,0.7346688888133056,405,4.716981132075475,3.0,389,8.490566037735846,3.0,362,14.858490566037744,2.39,419,1.415094339622641,0.43,405,4.716981132075475,3.0,401,5.660377358490564
8478420,2024,Mikko Rantanen,DAL,R,82,79609.0,1.76361969124094,124,70.99056603773585,12.0,149,65.09433962264151,19.0,15,96.69811320754717,18.58,11,97.64150943396227,0.54,62,85.61320754716981,24.0,9,98.11320754716981
8477425,2024,Miles Wood,COL,L,37,23617.0,1.2194605580725748,311,26.886792452830193,4.0,360,15.330188679245282,1.0,412,3.066037735849065,6.75,328,22.87735849056604,0.51,167,60.84905660377358,9.0,277,34.90566037735849
8478483,2024,Mitch Marner,TOR,R,81,72408.0,2.4859131587669867,17,96.22641509433963,15.0,85,80.18867924528303,19.0,16,96.4622641509434,10.71,208,51.17924528301887,0.5,206,51.65094339622642,12.0,195,54.24528301886792
8482070,2024,Mitchell Chaffee,TBL,R,66,42789.0,1.1778728177802706,322,24.29245283018868,8.0,248,41.74528301886793,3.0,363,14.622641509433961,6.19,350,17.688679245283026,0.44,393,7.547169811320757,7.0,318,25.235849056603783
8480289,2024,Morgan Barron,WPG,C,74,40202.0,1.164121188000597,323,24.05660377358491,6.0,311,26.886792452830193,5.0,295,30.660377358490564,9.03,262,38.443396226415096,0.51,168,60.613207547169814,6.0,343,19.339622641509436
8480028,2024,Morgan Frost,CGY,C,81,61923.0,1.2208710818274309,309,27.358490566037744,11.0,182,57.31132075471698,4.0,328,22.87735849056604,12.44,144,66.27358490566039,0.5,207,51.41509433962264,15.0,128,70.04716981132076
8479987,2024,Morgan Geekie,BOS,C,77,67513.0,2.346214803074963,25,94.33962264150944,26.0,4,99.29245283018868,10.0,141,66.98113207547169,16.23,45,89.62264150943396,0.51,169,60.37735849056604,18.0,61,85.84905660377359
8479414,2024,Nathan Bastian,NJD,R,59,35216.0,0.7155838255338483,406,4.481132075471706,2.0,403,5.188679245283026,3.0,364,14.386792452830193,5.94,354,16.745283018867923,0.49,245,42.45283018867925,9.0,278,34.66981132075472
8477492,2024,Nathan MacKinnon,COL,C,79,82638.0,2.308865170986713,30,93.16037735849056,15.0,86,79.95283018867924,23.0,3,99.52830188679245,17.95,18,95.99056603773585,0.59,12,97.40566037735849,15.0,129,69.81132075471697
8477573,2024,Nathan Walker,STL,L,73,48882.0,1.1047011169755738,341,19.811320754716988,8.0,249,41.509433962264154,4.0,329,22.64150943396227,7.05,320,24.76415094339623,0.47,327,23.113207547169807,9.0,279,34.43396226415095
8475172,2024,Nazem Kadri,CGY,C,82,76701.0,1.6427425978800798,168,60.613207547169814,20.0,32,92.68867924528303,10.0,142,66.74528301886792,17.45,27,93.86792452830188,0.53,89,79.24528301886792,17.0,80,81.36792452830188
8475343,2024,Nic Dowd,WSH,C,82,59886.0,1.0219416892094981,364,14.386792452830193,10.0,205,51.88679245283019,4.0,330,22.405660377358487,10.69,209,50.943396226415096,0.49,246,42.216981132075475,14.0,148,65.33018867924528
8481582,2024,Nicholas Robertson,TOR,L,69,44710.0,1.5298590919257438,209,50.943396226415096,13.0,123,71.22641509433963,4.0,331,22.169811320754718,7.15,317,25.47169811320755,0.49,247,41.9811320754717,3.0,402,5.424528301886795
8475760,2024,Nick Bjugstad,UTA,C,66,45390.0,1.348314606741573,272,36.08490566037736,6.0,312,26.650943396226424,8.0,196,54.009433962264154,10.24,227,46.69811320754717,0.51,170,60.14150943396226,13.0,173,59.43396226415094
8476393,2024,Nick Cousins,OTT,C,50,34854.0,1.446032019280427,240,43.632075471698116,6.0,313,26.41509433962264,5.0,296,30.424528301886795,7.65,304,28.537735849056602,0.52,129,69.81132075471697,12.0,196,54.009433962264154
8473422,2024,Nick Foligno,CHI,L,78,59347.0,1.5771648103526716,192,54.95283018867925,10.0,206,51.65094339622642,8.0,197,53.77358490566038,10.31,223,47.64150943396226,0.46,349,17.924528301886795,18.0,62,85.61320754716981
8477426,2024,Nick Paul,TBL,L,76,65165.0,1.6020870098979514,185,56.60377358490566,15.0,87,79.71698113207547,8.0,198,53.5377358490566,12.77,132,69.10377358490567,0.49,248,41.74528301886793,13.0,174,59.19811320754717
8477951,2024,Nick Schmaltz,UTA,C,82,69774.0,1.7542351019004212,126,70.51886792452831,11.0,183,57.07547169811321,9.0,171,59.905660377358494,12.87,129,69.81132075471697,0.54,63,85.37735849056604,9.0,280,34.198113207547166
8480018,2024,Nick Suzuki,MTL,C,82,73300.0,2.308321964529332,31,92.9245283018868,17.0,54,87.5,16.0,34,92.21698113207547,11.15,196,54.009433962264154,0.52,130,69.5754716981132,6.0,344,19.103773584905667
8480002,2024,Nico Hischier,NJD,C,75,65320.0,1.7636252296387016,123,71.22641509433963,19.0,40,90.80188679245283,9.0,172,59.66981132075472,15.57,59,86.32075471698113,0.55,43,90.09433962264151,19.0,44,89.85849056603773
8481477,2024,Nico Sturm,FLA,C,62,33817.0,1.3839193305142383,253,40.56603773584906,6.0,314,26.179245283018872,5.0,297,30.188679245283026,6.68,333,21.698113207547166,0.48,293,31.132075471698116,8.0,297,30.188679245283026
8475235,2024,Nicolas Deslauriers,PHI,L,31,14120.0,0.7648725212464589,399,6.132075471698116,2.0,404,4.952830188679243,0.0,425,0.0,2.83,416,2.1226415094339615,0.5,208,51.17924528301887,3.0,403,5.188679245283026
8478462,2024,Nicolas Roy,VGK,C,71,55188.0,1.5655577299412915,196,54.009433962264154,13.0,124,70.99056603773585,4.0,332,21.93396226415095,10.92,204,52.12264150943396,0.5,209,50.943396226415096,10.0,252,40.801886792452834
8476453,2024,Nikita Kucherov,TBL,R,78,77178.0,2.8453704423540387,3,99.52830188679245,24.0,10,97.87735849056604,23.0,4,99.29245283018868,17.02,31,92.9245283018868,0.52,131,69.33962264150944,14.0,149,65.09433962264151
8481042,2024,Nikolai Kovalenko,SJS,R,57,38541.0,1.4011053164162839,250,41.27358490566038,3.0,390,8.254716981132077,7.0,234,45.04716981132076,4.57,383,9.905660377358501,0.48,294,30.896226415094347,3.0,404,4.952830188679243
8477940,2024,Nikolaj Ehlers,WPG,L,69,52034.0,2.075565976092555,65,84.90566037735849,14.0,104,75.70754716981132,8.0,199,53.301886792452834,11.01,200,53.06603773584906,0.53,90,79.00943396226415,10.0,253,40.56603773584906
8481535,2024,Nils Hoglander,VAN,L,72,49131.0,1.685290346217256,151,64.62264150943396,7.0,289,32.075471698113205,9.0,173,59.43396226415094,9.15,259,39.15094339622642,0.5,210,50.70754716981132,13.0,175,58.9622641509434
8475799,2024,Nino Niederreiter,WPG,R,82,65397.0,1.2110647277398046,314,26.179245283018872,10.0,207,51.41509433962264,8.0,200,53.06603773584906,16.02,52,87.97169811320755,0.5,211,50.47169811320755,25.0,7,98.58490566037736
8480220,2024,Noah Cates,PHI,L,78,60062.0,1.6782657920149178,155,63.67924528301887,14.0,105,75.47169811320755,9.0,174,59.19811320754717,13.54,101,76.41509433962264,0.49,249,41.509433962264154,18.0,63,85.37735849056604
8479393,2024,Noah Gregor,SJS,L,52,31660.0,0.6822488945041061,409,3.7735849056603854,3.0,391,8.018867924528308,2.0,395,7.075471698113205,5.03,374,12.028301886792462,0.43,406,4.481132075471706,4.0,391,8.018867924528308
8478569,2024,Noel Acciari,PIT,C,79,52871.0,0.6809025741900097,410,3.5377358490566024,4.0,361,15.094339622641513,4.0,333,21.698113207547166,9.78,238,44.10377358490566,0.44,394,7.311320754716988,13.0,176,58.72641509433962
8477416,2024,Oliver Bjorkstrand,TBL,R,79,58360.0,1.912268677176148,95,77.83018867924528,16.0,68,84.19811320754717,12.0,99,76.88679245283019,11.47,183,57.07547169811321,0.52,132,69.10377358490567,15.0,130,69.5754716981132
8480789,2024,Oliver Wahlstrom,BOS,R,43,23898.0,0.7532011046949536,402,5.424528301886795,3.0,392,7.783018867924525,1.0,413,2.830188679245282,3.73,397,6.603773584905667,0.42,414,2.594339622641513,2.0,415,2.3584905660377444
8476292,2024,Ondrej Palat,NJD,L,77,56855.0,1.3296983554656583,275,35.37735849056604,11.0,184,56.839622641509436,4.0,334,21.462264150943398,11.32,189,55.66037735849057,0.49,250,41.27358490566038,10.0,254,40.33018867924528
8480840,2024,Oskar Bck,DAL,C,73,44365.0,1.1360306547954468,333,21.698113207547166,4.0,362,14.858490566037744,7.0,235,44.81132075471698,7.79,302,29.009433962264154,0.51,171,59.905660377358494,12.0,197,53.77358490566038
8476897,2024,Oskar Sundqvist,STL,C,67,43395.0,0.9955063947459384,371,12.735849056603783,2.0,405,4.716981132075475,7.0,236,44.57547169811321,4.67,378,11.084905660377359,0.47,328,22.87735849056604,6.0,345,18.867924528301884
8480015,2024,Owen Tippett,PHI,R,77,61422.0,1.6997167138810199,143,66.50943396226415,18.0,47,89.15094339622641,8.0,201,52.83018867924528,12.49,142,66.74528301886792,0.5,212,50.235849056603776,5.0,368,13.443396226415103
8480448,2024,Parker Kelly,COL,C,80,50920.0,0.9190887666928514,379,10.84905660377359,6.0,315,25.943396226415103,5.0,298,29.952830188679243,8.51,281,33.9622641509434,0.53,91,78.77358490566039,5.0,369,13.20754716981132
8474141,2024,Patrick Kane,DET,R,72,61518.0,1.5215059007119867,213,50.0,8.0,250,41.27358490566038,9.0,175,58.9622641509434,9.45,248,41.74528301886793,0.48,295,30.660377358490564,7.0,319,25.0
8474034,2024,Patrick Maroon,CHI,L,68,42607.0,1.5208768512216304,214,49.76415094339623,4.0,363,14.622641509433961,11.0,124,70.99056603773585,8.04,297,30.188679245283026,0.44,395,7.075471698113205,6.0,346,18.632075471698116
8479339,2024,Patrik Laine,MTL,L,52,34085.0,1.0561830717324334,356,16.273584905660385,3.0,393,7.547169811320757,3.0,365,14.150943396226424,4.07,394,7.311320754716988,0.42,415,2.3584905660377444,2.0,416,2.1226415094339615
8481032,2024,Paul Cotter,NJD,C,79,58323.0,1.2345043979219177,306,28.066037735849065,15.0,88,79.48113207547169,3.0,366,13.915094339622641,10.67,210,50.70754716981132,0.5,213,50.0,13.0,177,58.49056603773585
8477402,2024,Pavel Buchnevich,STL,L,76,66833.0,2.0468930019601097,69,83.9622641509434,16.0,69,83.9622641509434,12.0,100,76.65094339622641,13.4,107,75.0,0.49,251,41.03773584905661,16.0,108,74.76415094339623
8481604,2024,Pavel Dorofeyev,VGK,L,82,68140.0,1.6906369239800412,147,65.56603773584905,21.0,27,93.86792452830188,5.0,299,29.716981132075475,17.34,28,93.63207547169812,0.54,64,85.14150943396227,15.0,131,69.33962264150944
8478401,2024,Pavel Zacha,BOS,C,82,68661.0,1.6253768514877442,175,58.9622641509434,8.0,251,41.03773584905661,13.0,73,83.01886792452831,12.62,135,68.39622641509433,0.49,252,40.801886792452834,17.0,81,81.13207547169812
8481522,2024,Peyton Krebs,BUF,C,81,60771.0,1.4217307597373747,245,42.45283018867925,7.0,290,31.839622641509436,7.0,237,44.339622641509436,8.55,279,34.43396226415095,0.49,253,40.56603773584906,9.0,281,33.9622641509434
8481577,2024,Philip Tomasino,PIT,R,61,42252.0,1.363249076966771,263,38.20754716981132,8.0,252,40.801886792452834,6.0,267,37.26415094339623,7.39,310,27.12264150943396,0.52,133,68.86792452830188,5.0,370,12.971698113207552
8480798,2024,Philipp Kurashev,CHI,C,51,37227.0,1.1604480618905633,324,23.820754716981142,5.0,340,20.047169811320757,3.0,367,13.679245283018872,5.31,364,14.386792452830193,0.43,407,4.245283018867923,5.0,371,12.735849056603783
8476479,2024,Phillip Danault,LAK,C,80,66494.0,1.8949078112310886,99,76.88679245283019,7.0,291,31.603773584905667,21.0,7,98.58490566037736,13.19,112,73.82075471698113,0.56,31,92.9245283018868,15.0,132,69.10377358490567
8478115,2024,Pierre Engvall,NYI,L,62,43257.0,1.248352867743949,301,29.245283018867923,8.0,253,40.56603773584906,2.0,396,6.839622641509436,6.99,323,24.05660377358491,0.51,172,59.66981132075472,7.0,320,24.76415094339623
8479400,2024,Pierre-Luc Dubois,WSH,L,82,70141.0,2.360958640452802,24,94.5754716981132,13.0,125,70.75471698113208,21.0,8,98.34905660377359,15.46,61,85.84905660377359,0.52,134,68.63207547169812,20.0,35,91.98113207547169
8480459,2024,Pius Suter,VAN,C,81,63241.0,1.6508277857718885,161,62.26415094339623,18.0,48,88.91509433962264,5.0,300,29.481132075471706,11.87,168,60.613207547169814,0.49,254,40.33018867924528,13.0,178,58.25471698113208
8480995,2024,Pontus Holmberg,TOR,R,68,47087.0,0.9174506764075009,380,10.613207547169822,2.0,406,4.481132075471706,5.0,301,29.245283018867923,7.3,312,26.650943396226424,0.47,329,22.64150943396227,7.0,321,24.528301886792462
8482124,2024,Quinton Byfield,LAK,R,81,69571.0,1.9663365482744248,82,80.89622641509433,14.0,106,75.23584905660377,10.0,143,66.50943396226415,12.21,155,63.67924528301887,0.55,44,89.85849056603773,7.0,322,24.29245283018868
8476889,2024,Radek Faksa,STL,C,70,48064.0,0.8988015978695073,384,9.669811320754718,5.0,341,19.811320754716988,6.0,268,37.028301886792455,6.26,348,18.160377358490564,0.48,296,30.424528301886795,7.0,323,24.05660377358491
8480845,2024,Rasmus Kupari,WPG,C,59,32156.0,0.7836795621345938,396,6.839622641509436,4.0,364,14.386792452830193,3.0,368,13.443396226415103,4.96,375,11.79245283018868,0.49,255,40.09433962264151,7.0,324,23.820754716981142
8475191,2024,Reilly Smith,VGK,R,79,59300.0,1.5784148397976392,191,55.18867924528302,7.0,292,31.367924528301884,12.0,101,76.41509433962264,12.39,147,65.56603773584905,0.5,214,49.76415094339623,17.0,82,80.89622641509433
8476483,2024,Rickard Rakell,PIT,R,81,76834.0,2.1084415753442487,57,86.79245283018868,23.0,15,96.69811320754717,12.0,102,76.17924528301887,18.03,15,96.69811320754717,0.53,92,78.5377358490566,19.0,45,89.62264150943396
8482092,2024,Ridly Greig,OTT,C,78,60659.0,1.0682668688900245,352,17.216981132075475,7.0,293,31.132075471698116,8.0,202,52.59433962264151,11.77,174,59.19811320754717,0.48,297,30.188679245283026,16.0,109,74.52830188679246
8477952,2024,Robby Fabbri,ANA,C,44,36042.0,1.2984851007158316,284,33.25471698113208,8.0,254,40.33018867924528,4.0,335,21.22641509433963,5.83,355,16.509433962264154,0.42,416,2.1226415094339615,5.0,372,12.5
8480023,2024,Robert Thomas,STL,C,70,63798.0,2.7085488573309506,7,98.58490566037736,12.0,150,64.85849056603774,19.0,17,96.22641509433963,12.14,157,63.20754716981132,0.5,215,49.528301886792455,12.0,198,53.5377358490566
8478449,2024,Roope Hintz,DAL,C,76,55332.0,2.277163305139883,37,91.50943396226415,17.0,55,87.26415094339623,13.0,74,82.78301886792453,12.37,148,65.33018867924528,0.48,298,29.952830188679243,10.0,255,40.09433962264151
8479525,2024,Ross Colton,COL,C,61,45100.0,1.5964523281596452,187,56.132075471698116,9.0,223,47.64150943396226,7.0,238,44.10377358490566,13.02,117,72.64150943396227,0.53,93,78.30188679245283,17.0,83,80.66037735849056
8477527,2024,Ross Johnston,ANA,L,43,22348.0,0.6443529622337569,413,2.830188679245282,1.0,419,1.415094339622641,2.0,397,6.603773584905667,1.52,424,0.23584905660378297,0.42,417,1.8867924528301927,2.0,417,1.8867924528301927
8477987,2024,Ryan Donato,CHI,C,80,66209.0,2.2293041731486656,42,90.33018867924528,23.0,16,96.4622641509434,15.0,43,90.09433962264151,13.07,115,73.11320754716981,0.45,379,10.84905660377359,10.0,256,39.85849056603774
8477451,2024,Ryan Hartman,MIN,R,69,54405.0,1.2572373862696444,298,29.952830188679243,8.0,255,40.09433962264151,8.0,203,52.35849056603774,13.17,113,73.58490566037736,0.48,299,29.716981132075475,14.0,150,64.85849056603774
8479066,2024,Ryan Lomberg,CGY,L,80,40688.0,1.1502162799842706,328,22.87735849056604,3.0,394,7.311320754716988,7.0,239,43.86792452830189,5.73,357,16.037735849056602,0.46,350,17.688679245283026,4.0,392,7.783018867924525
8480802,2024,Ryan McLeod,BUF,C,79,62472.0,2.18978102189781,49,88.67924528301887,12.0,151,64.62264150943396,14.0,55,87.26415094339623,9.35,253,40.56603773584906,0.49,256,39.85849056603774,10.0,257,39.62264150943396
8476454,2024,Ryan Nugent-Hopkins,EDM,C,78,61890.0,1.221522055259331,308,27.594339622641513,9.0,224,47.405660377358494,10.0,144,66.27358490566039,12.04,160,62.5,0.54,65,84.90566037735849,14.0,151,64.62264150943396
8475158,2024,Ryan O'Reilly,NSH,C,79,66672.0,1.511879049676026,219,48.58490566037736,8.0,256,39.85849056603774,10.0,145,66.0377358490566,14.12,90,79.00943396226415,0.53,94,78.06603773584905,19.0,46,89.38679245283019
8480068,2024,Ryan Poehling,PHI,C,68,47937.0,1.8774641717253895,102,76.17924528301887,10.0,208,51.17924528301887,9.0,176,58.72641509433962,7.49,308,27.594339622641513,0.46,351,17.452830188679243,7.0,325,23.58490566037736
8471817,2024,Ryan Reaves,TOR,R,35,16266.0,0.4426410918480265,421,0.9433962264151035,0.0,424,0.23584905660378297,1.0,414,2.594339622641513,1.51,425,0.0,0.44,396,6.839622641509436,0.0,425,0.0
8476458,2024,Ryan Strome,ANA,C,82,65672.0,1.6993543671579974,144,66.27358490566039,9.0,225,47.16981132075472,17.0,27,93.86792452830188,11.79,173,59.43396226415094,0.49,257,39.62264150943396,16.0,110,74.29245283018868
8477935,2024,Sam Bennett,FLA,C,76,64289.0,1.6799141377218498,154,63.91509433962264,14.0,107,75.0,10.0,146,65.80188679245283,17.96,17,96.22641509433963,0.54,66,84.66981132075472,21.0,28,93.63207547169812
8475842,2024,Sam Carrick,NYR,C,80,51361.0,1.0513813983372597,357,16.037735849056602,4.0,365,14.150943396226424,6.0,269,36.79245283018868,9.01,265,37.735849056603776,0.45,380,10.613207547169822,13.0,179,58.0188679245283
8482118,2024,Sam Colangelo,ANA,R,32,21369.0,1.5162150779166081,217,49.05660377358491,7.0,294,30.896226415094347,2.0,398,6.367924528301884,4.6,380,10.613207547169822,0.41,423,0.47169811320755173,5.0,373,12.264150943396231
8478043,2024,Sam Lafferty,BUF,C,60,33375.0,0.7550561797752808,401,5.660377358490564,4.0,366,13.915094339622641,1.0,415,2.3584905660377444,4.34,387,8.962264150943398,0.47,330,22.405660377358487,5.0,374,12.028301886792462
8477933,2024,Sam Reinhart,FLA,C,79,68805.0,1.9359058207979072,87,79.71698113207547,17.0,56,87.02830188679245,12.0,103,75.9433962264151,14.43,80,81.36792452830188,0.58,21,95.28301886792453,14.0,152,64.38679245283019
8479351,2024,Sam Steel,DAL,C,79,55535.0,1.3613036823624742,264,37.97169811320755,5.0,342,19.575471698113205,8.0,204,52.12264150943396,7.71,303,28.773584905660385,0.52,135,68.39622641509433,7.0,326,23.34905660377359
8482726,2024,Samuel Helenius,LAK,C,50,25704.0,0.9803921568627452,373,12.264150943396231,4.0,367,13.679245283018872,1.0,416,2.1226415094339615,3.71,400,5.896226415094347,0.48,300,29.481132075471706,3.0,405,4.716981132075475
8476872,2024,Scott Laughton,TOR,C,80,58702.0,1.5331675241048006,207,51.41509433962264,8.0,257,39.62264150943396,11.0,125,70.75471698113208,10.44,217,49.05660377358491,0.43,408,4.009433962264154,10.0,258,39.38679245283019
8476461,2024,Sean Couturier,PHI,C,79,69542.0,1.70832015185068,141,66.98113207547169,11.0,185,56.60377358490566,13.0,75,82.54716981132076,14.87,70,83.72641509433961,0.49,258,39.38679245283019,20.0,36,91.74528301886792
8476374,2024,Sean Kuraly,CBJ,C,82,52468.0,1.0978119996950522,344,19.103773584905667,5.0,343,19.339622641509436,9.0,177,58.49056603773585,8.58,278,34.66981132075472,0.49,259,39.15094339622642,9.0,282,33.72641509433963
8477497,2024,Sean Monahan,CBJ,C,54,45817.0,2.985791300172425,2,99.76415094339623,11.0,186,56.36792452830189,19.0,18,95.99056603773585,13.13,114,73.34905660377359,0.54,67,84.43396226415095,24.0,10,97.87735849056604
8478427,2024,Sebastian Aho,CAR,C,79,65729.0,1.643110347030991,167,60.84905660377358,13.0,126,70.51886792452831,13.0,76,82.31132075471697,13.78,96,77.59433962264151,0.6,6,98.82075471698113,10.0,259,39.15094339622642
8482093,2024,Seth Jarvis,CAR,C,73,57928.0,1.9265294848777792,90,79.00943396226415,13.0,127,70.28301886792453,11.0,126,70.51886792452831,16.66,40,90.80188679245283,0.6,7,98.58490566037736,14.0,153,64.15094339622641
8481596,2024,Shane Pinto,OTT,C,70,56898.0,1.4552356849098387,236,44.57547169811321,13.0,128,70.04716981132076,6.0,270,36.55660377358491,12.34,150,64.85849056603774,0.49,260,38.91509433962264,18.0,64,85.14150943396227
8483524,2024,Shane Wright,SEA,C,79,55513.0,2.0103399203790104,76,82.31132075471697,12.0,152,64.38679245283019,12.0,104,75.70754716981132,9.33,254,40.33018867924528,0.47,331,22.169811320754718,9.0,283,33.490566037735846
8471675,2024,Sidney Crosby,PIT,C,80,78079.0,2.582000281765904,12,97.40566037735849,16.0,70,83.72641509433961,23.0,5,99.05660377358491,16.94,34,92.21698113207547,0.52,136,68.16037735849056,16.0,111,74.05660377358491
8481601,2024,Simon Holmstrom,NYI,R,75,58990.0,1.83081878284455,114,73.34905660377359,13.0,129,69.81132075471697,12.0,105,75.47169811320755,8.25,292,31.367924528301884,0.49,261,38.67924528301887,8.0,298,29.952830188679243
8476474,2024,Stefan Noesen,NJD,R,78,58844.0,1.407110325606689,248,41.74528301886793,8.0,258,39.38679245283019,12.0,106,75.23584905660377,12.92,126,70.51886792452831,0.53,95,77.83018867924528,21.0,29,93.39622641509433
8478904,2024,Steven Lorentz,TOR,C,80,44533.0,1.3742617833965824,258,39.38679245283019,6.0,316,25.70754716981132,5.0,302,29.009433962264154,7.49,309,27.358490566037744,0.46,352,17.216981132075475,12.0,199,53.301886792452834
8474564,2024,Steven Stamkos,NSH,C,82,67895.0,1.3785993077546213,255,40.09433962264151,11.0,187,56.132075471698116,12.0,107,75.0,10.32,222,47.87735849056604,0.48,301,29.245283018867923,10.0,260,38.91509433962264
8479420,2024,Tage Thompson,BUF,C,76,66308.0,2.5517282982445555,13,97.16981132075472,33.0,1,100.0,9.0,178,58.25471698113208,14.6,76,82.31132075471697,0.51,173,59.43396226415094,14.0,154,63.91509433962264
8479661,2024,Tanner Jeannot,LAK,L,67,43705.0,1.0708156961446058,350,17.688679245283026,7.0,295,30.660377358490564,2.0,399,6.132075471698116,8.31,287,32.54716981132076,0.5,216,49.29245283018868,12.0,200,53.06603773584906
8476871,2024,Tanner Pearson,VGK,L,78,53567.0,1.4785222245038923,228,46.4622641509434,8.0,259,39.15094339622642,8.0,205,51.88679245283019,12.04,161,62.26415094339623,0.47,332,21.93396226415095,18.0,65,84.90566037735849
8475791,2024,Taylor Hall,CAR,L,77,60356.0,1.7893829942342105,118,72.40566037735849,11.0,188,55.89622641509434,12.0,108,74.76415094339623,11.34,188,55.89622641509434,0.51,174,59.19811320754717,15.0,133,68.86792452830188
8479390,2024,Taylor Raddysh,WSH,R,80,56218.0,1.664947169945569,158,62.97169811320755,7.0,296,30.424528301886795,7.0,240,43.632075471698116,12.04,162,62.028301886792455,0.51,175,58.9622641509434,15.0,134,68.63207547169812
8476927,2024,Teddy Blueger,VAN,C,82,58295.0,1.4821168196243246,227,46.69811320754717,6.0,317,25.47169811320755,11.0,127,70.28301886792453,9.7,241,43.39622641509434,0.48,302,29.009433962264154,17.0,84,80.4245283018868
8476882,2024,Teuvo Teravainen,CHI,C,82,63063.0,1.5413158270301128,204,52.12264150943396,6.0,318,25.235849056603783,13.0,77,82.0754716981132,6.15,353,16.981132075471706,0.46,353,16.981132075471706,7.0,327,23.113207547169807
8482116,2024,Tim Sttzle,OTT,C,82,74893.0,1.7785373799954605,120,71.93396226415095,14.0,108,74.76415094339623,13.0,78,81.83962264150944,11.42,184,56.839622641509436,0.55,45,89.62264150943396,10.0,261,38.67924528301887
8478414,2024,Timo Meier,NJD,R,80,73155.0,1.6239491490670495,176,58.72641509433962,16.0,71,83.49056603773585,7.0,241,43.39622641509434,20.41,5,99.05660377358491,0.53,96,77.59433962264151,19.0,47,89.15094339622641
8476880,2024,Tom Wilson,WSH,R,81,66100.0,1.8517397881996973,109,74.52830188679246,16.0,72,83.25471698113208,11.0,128,70.04716981132076,13.39,108,74.76415094339623,0.5,217,49.05660377358491,15.0,135,68.39622641509433
8476881,2024,Tomas Hertl,VGK,C,73,59630.0,1.8715411705517357,104,75.70754716981132,13.0,130,69.5754716981132,11.0,129,69.81132075471697,15.58,57,86.79245283018868,0.54,68,84.19811320754717,24.0,11,97.64150943396227
8477931,2024,Tomas Nosek,FLA,L,59,30683.0,0.8213016980086694,394,7.311320754716988,0.0,425,0.0,5.0,303,28.773584905660385,7.27,313,26.41509433962264,0.56,32,92.68867924528303,12.0,201,52.83018867924528
8475193,2024,Tomas Tatar,NJD,L,74,44935.0,1.0415043952375653,361,15.094339622641513,6.0,319,25.0,2.0,400,5.896226415094347,6.57,337,20.754716981132077,0.51,176,58.72641509433962,10.0,262,38.443396226415096
8478438,2024,Tommy Novak,PIT,C,54,37580.0,1.5327301756253324,208,51.17924528301887,12.0,153,64.15094339622641,4.0,336,20.990566037735846,8.89,270,36.55660377358491,0.55,46,89.38679245283019,11.0,226,46.93396226415094
8478439,2024,Travis Konecny,PHI,R,82,76477.0,1.9299920237457011,89,79.24528301886792,8.0,260,38.91509433962264,20.0,12,97.40566037735849,11.11,198,53.5377358490566,0.48,303,28.773584905660385,12.0,202,52.59433962264151
8479365,2024,Trent Frederic,EDM,C,58,42436.0,1.0180035818644546,365,14.150943396226424,7.0,297,30.188679245283026,3.0,369,13.20754716981132,8.3,288,32.31132075471699,0.48,304,28.537735849056602,11.0,227,46.69811320754717
8473453,2024,Trevor Lewis,LAK,C,60,33788.0,0.8523736237717533,390,8.254716981132077,4.0,368,13.443396226415103,1.0,417,1.8867924528301927,4.43,384,9.669811320754718,0.46,354,16.745283018867923,2.0,418,1.650943396226424
8479675,2024,Trevor Moore,LAK,L,71,56749.0,1.8396799943611342,112,73.82075471698113,10.0,209,50.943396226415096,7.0,242,43.16037735849057,11.93,167,60.84905660377358,0.55,47,89.15094339622641,10.0,263,38.20754716981132
8481533,2024,Trevor Zegras,ANA,C,57,47556.0,1.8925056775170326,100,76.65094339622641,8.0,261,38.67924528301887,10.0,147,65.56603773584905,8.17,294,30.896226415094347,0.46,355,16.509433962264154,11.0,228,46.4622641509434
8478873,2024,Troy Terry,ANA,R,77,68975.0,1.8267488220369699,115,73.11320754716981,14.0,109,74.52830188679246,9.0,179,58.0188679245283,12.93,125,70.75471698113208,0.49,262,38.443396226415096,16.0,112,73.82075471698113
8480848,2024,Ty Dellandrea,SJS,C,68,42969.0,0.5864693150876212,416,2.1226415094339615,1.0,420,1.1792452830188722,2.0,401,5.660377358490564,6.56,338,20.51886792452831,0.42,418,1.650943396226424,11.0,229,46.22641509433962
8481789,2024,Tye Kartye,SEA,L,63,34597.0,1.144607913980981,330,22.405660377358487,5.0,344,19.103773584905667,2.0,402,5.424528301886795,5.28,367,13.679245283018872,0.48,305,28.301886792452834,4.0,393,7.547169811320757
8477479,2024,Tyler Bertuzzi,CHI,L,82,63923.0,1.3516261752420882,270,36.55660377358491,11.0,189,55.66037735849057,8.0,206,51.65094339622642,11.84,170,60.14150943396226,0.43,409,3.7735849056603854,19.0,48,88.91509433962264
8477353,2024,Tyler Motte,DET,C,55,31780.0,0.9062303335431089,382,10.14150943396227,4.0,369,13.20754716981132,3.0,370,12.971698113207552,6.97,324,23.820754716981142,0.46,356,16.273584905660385,8.0,299,29.716981132075475
8475726,2024,Tyler Toffoli,SJS,C,78,61065.0,1.9454679439941047,86,79.95283018867924,20.0,33,92.45283018867924,10.0,148,65.33018867924528,14.21,85,80.18867924528303,0.5,218,48.820754716981135,18.0,66,84.66981132075472
8482159,2024,Tyson Foerster,PHI,R,81,65227.0,1.7109479203397366,139,67.45283018867924,16.0,73,83.01886792452831,7.0,243,42.924528301886795,13.71,99,76.88679245283019,0.47,333,21.698113207547166,17.0,85,80.18867924528303
8479370,2024,Tyson Jost,CAR,C,39,22228.0,1.4576210185351808,235,44.81132075471698,4.0,370,12.971698113207552,1.0,418,1.650943396226424,4.12,393,7.547169811320757,0.6,8,98.34905660377359,1.0,423,0.47169811320755173
8477501,2024,Valeri Nichushkin,COL,R,43,36903.0,1.8535078448906595,107,75.0,11.0,190,55.424528301886795,4.0,337,20.754716981132077,9.03,263,38.20754716981132,0.54,69,83.9622641509434,6.0,347,18.396226415094347
8481617,2024,Vasily Podkolzin,EDM,R,82,60682.0,1.4238159586038692,244,42.68867924528302,8.0,262,38.443396226415096,6.0,271,36.320754716981135,13.44,104,75.70754716981132,0.57,28,93.63207547169812,15.0,136,68.16037735849056
8478109,2024,Victor Olofsson,VGK,L,56,43151.0,1.7519872077124516,129,69.81132075471697,9.0,226,46.93396226415094,10.0,149,65.09433962264151,6.73,329,22.64150943396227,0.54,70,83.72641509433961,3.0,406,4.481132075471706
8478042,2024,Viktor Arvidsson,EDM,L,67,53069.0,1.3567242646366051,266,37.5,11.0,191,55.18867924528302,6.0,272,36.08490566037736,12.3,153,64.15094339622641,0.56,33,92.45283018867924,12.0,203,52.35849056603774
8476389,2024,Vincent Trocheck,NYR,C,82,74637.0,1.6881707464126372,149,65.09433962264151,14.0,110,74.29245283018868,13.0,79,81.60377358490567,16.0,53,87.73584905660377,0.52,137,67.9245283018868,20.0,37,91.50943396226415
8476994,2024,Vinnie Hinostroza,MIN,C,38,26849.0,0.9385824425490706,377,11.320754716981142,2.0,407,4.245283018867923,1.0,419,1.415094339622641,3.42,408,4.009433962264154,0.5,219,48.58490566037736,3.0,407,4.245283018867923
8475765,2024,Vladimir Tarasenko,DET,R,80,61287.0,1.2922805815262617,285,33.01886792452831,9.0,227,46.69811320754717,9.0,180,57.78301886792453,10.66,211,50.47169811320755,0.45,381,10.377358490566039,8.0,300,29.481132075471706
8476480,2024,Vladislav Namestnikov,WPG,C,78,59612.0,1.2682010333489901,293,31.132075471698116,7.0,298,29.952830188679243,5.0,304,28.537735849056602,11.98,165,61.320754716981135,0.52,138,67.68867924528303,15.0,137,67.9245283018868
8477998,2024,Warren Foegele,LAK,L,82,66327.0,2.225338097607309,44,89.85849056603773,23.0,17,96.22641509433963,8.0,207,51.41509433962264,20.04,6,98.82075471698113,0.54,71,83.49056603773585,24.0,12,97.40566037735849
8482157,2024,Will Cuylle,NYR,L,82,63720.0,2.0903954802259888,60,86.08490566037736,16.0,74,82.78301886792453,10.0,150,64.85849056603774,17.79,22,95.04716981132076,0.49,263,38.20754716981132,21.0,30,93.16037735849056
8484227,2024,Will Smith,SJS,C,74,58574.0,1.9667429234814082,81,81.13207547169812,12.0,154,63.91509433962264,16.0,35,91.98113207547169,9.26,257,39.62264150943396,0.47,334,21.462264150943398,8.0,301,29.245283018867923
8477478,2024,William Carrier,CAR,L,43,29116.0,1.236433576040665,305,28.301886792452834,3.0,395,7.075471698113205,4.0,338,20.51886792452831,7.16,316,25.70754716981132,0.6,9,98.11320754716981,11.0,230,45.99056603773585
8482667,2024,William Eklund,SJS,L,77,67744.0,1.7536608408124705,128,70.04716981132076,9.0,228,46.4622641509434,17.0,28,93.63207547169812,12.18,156,63.443396226415096,0.5,220,48.34905660377359,8.0,302,29.009433962264154
8476448,2024,William Karlsson,VGK,C,53,43303.0,1.579567235526407,189,55.66037735849057,6.0,320,24.76415094339623,9.0,181,57.54716981132076,9.38,251,41.03773584905661,0.56,34,92.21698113207547,10.0,264,37.97169811320755
8477939,2024,William Nylander,TOR,R,82,74510.0,2.029257817742585,72,83.25471698113208,24.0,11,97.64150943396227,13.0,80,81.36792452830188,17.23,29,93.39622641509433,0.48,306,28.066037735849065,18.0,67,84.43396226415095
8482740,2024,Wyatt Johnston,DAL,C,82,66951.0,2.097056055921495,59,86.32075471698113,18.0,49,88.67924528301887,13.0,81,81.13207547169812,16.06,51,88.20754716981132,0.47,335,21.22641509433963,12.0,204,52.12264150943396
8478508,2024,Yakov Trenin,MIN,C,76,50852.0,0.7787304334146149,398,6.367924528301884,5.0,345,18.867924528301884,3.0,371,12.735849056603783,9.33,255,40.09433962264151,0.46,357,16.037735849056602,10.0,265,37.735849056603776
8476826,2024,Yanni Gourde,TBL,C,57,48089.0,2.021252261431928,74,82.78301886792453,5.0,346,18.632075471698116,10.0,151,64.62264150943396,10.22,229,46.22641509433962,0.53,97,77.35849056603774,16.0,113,73.58490566037736
8482475,2024,Yegor Chinakhov,CBJ,R,30,23401.0,1.5383957950514937,206,51.65094339622642,5.0,347,18.396226415094347,3.0,372,12.5,4.6,381,10.377358490566039,0.53,98,77.12264150943396,5.0,375,11.79245283018868
8481068,2024,Yegor Sharangovich,CGY,C,73,58219.0,1.2367096652295642,304,28.537735849056602,8.0,263,38.20754716981132,8.0,208,51.17924528301887,9.1,261,38.67924528301887,0.52,139,67.45283018867924,10.0,266,37.5
8484145,2024,Zach Benson,BUF,L,75,54734.0,1.5127708554098003,218,48.820754716981135,6.0,321,24.528301886792462,13.0,82,80.89622641509433,12.51,140,67.21698113207547,0.56,35,91.98113207547169,10.0,267,37.26415094339623
8475786,2024,Zach Hyman,EDM,L,73,65371.0,1.6521087332303315,160,62.5,19.0,41,90.56603773584905,8.0,209,50.943396226415096,24.37,1,100.0,0.59,13,97.16981132075472,34.0,2,99.76415094339623
8479944,2024,Zachary Aston-Reese,CBJ,C,79,56740.0,1.0786041593232287,347,18.396226415094347,6.0,322,24.29245283018868,6.0,273,35.84905660377359,12.25,154,63.91509433962264,0.46,358,15.801886792452834,19.0,49,88.67924528301887
8482742,2024,Zachary L'Heureux,NSH,L,62,40552.0,1.154073781811008,326,23.34905660377359,4.0,371,12.735849056603783,5.0,305,28.301886792452834,9.45,249,41.509433962264154,0.5,221,48.113207547169814,11.0,231,45.75471698113208
8482737,2024,Zack Bolduc,STL,R,72,48721.0,1.7733626157098583,121,71.69811320754717,12.0,155,63.67924528301887,4.0,339,20.283018867924525,8.35,284,33.25471698113208,0.51,177,58.49056603773585,9.0,284,33.25471698113208
8482859,2024,Zack Ostapchuk,SJS,C,56,29917.0,0.481331684326637,419,1.415094339622641,1.0,421,0.9433962264151035,1.0,420,1.1792452830188722,3.45,407,4.245283018867923,0.45,382,10.14150943396227,6.0,348,18.160377358490564
8476878,2024,Zemgus Girgensons,TBL,C,82,49607.0,0.4354224202229524,423,0.47169811320755173,2.0,408,4.009433962264154,4.0,340,20.047169811320757,8.71,273,35.84905660377359,0.5,222,47.87735849056604,8.0,303,28.773584905660385
